{
  "functions": [
    {
      "source": "functions/API",
      "codebase": "api",
      "region": "europe-west3",
      "memory": "256MB",
      "ignore": [
        "node_modules",
        ".git",
        "firebase-debug.log",
        "firebase-debug.*.log",
        "src",
        "test",
        "README.md",
        "ui-debug.log",
        ".env.dev",
        ".env.prod",
        ".env.prod.free",
        ".env.prod.paid",
        "tsconfig.json",
        "tsconfig.build.json",
        "nest-cli.json",
        ".prettierrc",
        ".eslintrc.js",
        ".gitignore",
        ".gcloudignore",
        ".env"
      ],
      "predeploy": [
        "cp \"$RESOURCE_DIR/.env.prod\" \"$RESOURCE_DIR/.env\"",
        "npm --prefix \"$RESOURCE_DIR\" ci",
        "npm --prefix \"$RESOURCE_DIR\" run lint",
        "npm --prefix \"$RESOURCE_DIR\" run build"
      ]
    },
    {
      "source": "functions/Annotation",
      "codebase": "annotation",
      "region": "europe-west3",
      "memory": "256MB",
      "ignore": [
        "node_modules",
        ".git",
        "firebase-debug.log",
        "firebase-debug.*.log",
        "src",
        "test",
        "README.md",
        "ui-debug.log",
        ".env.dev",
        ".env.prod",
        ".env.prod.free",
        ".env.prod.paid",
        "tsconfig.json",
        "tsconfig.build.json",
        "nest-cli.json",
        ".prettierrc",
        ".eslintrc.js",
        ".gitignore",
        ".gcloudignore",
        ".env"
      ],
      "predeploy": [
        "cp \"$RESOURCE_DIR/.env.prod\" \"$RESOURCE_DIR/.env\"",
        "npm --prefix \"$RESOURCE_DIR\" ci",
        "npm --prefix \"$RESOURCE_DIR\" run lint",
        "npm --prefix \"$RESOURCE_DIR\" run build"
      ]
    },
    {
      "source": "functions/Dataset",
      "codebase": "dataset",
      "region": "europe-west3",
      "memory": "256MB",
      "ignore": [
        "node_modules",
        ".git",
        "firebase-debug.log",
        "firebase-debug.*.log",
        "src",
        "test",
        "README.md",
        "ui-debug.log",
        ".env.dev",
        ".env.prod",
        ".env.prod.free",
        ".env.prod.paid",
        "tsconfig.json",
        "tsconfig.build.json",
        "nest-cli.json",
        ".prettierrc",
        ".eslintrc.js",
        ".gitignore",
        ".gcloudignore",
        ".env"
      ],
      "predeploy": [
        "cp \"$RESOURCE_DIR/.env.prod\" \"$RESOURCE_DIR/.env\"",
        "npm --prefix \"$RESOURCE_DIR\" ci",
        "npm --prefix \"$RESOURCE_DIR\" run lint",
        "npm --prefix \"$RESOURCE_DIR\" run build"
      ]
    },
    {
      "source": "functions/Column",
      "codebase": "column",
      "region": "europe-west3",
      "memory": "256MB",
      "ignore": [
        "node_modules",
        ".git",
        "firebase-debug.log",
        "firebase-debug.*.log",
        "src",
        "test",
        "README.md",
        "ui-debug.log",
        ".env.dev",
        ".env.prod",
        ".env.prod.free",
        ".env.prod.paid",
        "tsconfig.json",
        "tsconfig.build.json",
        "nest-cli.json",
        ".prettierrc",
        ".eslintrc.js",
        ".gitignore",
        ".gcloudignore",
        ".env"
      ],
      "predeploy": [
        "cp \"$RESOURCE_DIR/.env.prod\" \"$RESOURCE_DIR/.env\"",
        "npm --prefix \"$RESOURCE_DIR\" ci",
        "npm --prefix \"$RESOURCE_DIR\" run lint",
        "npm --prefix \"$RESOURCE_DIR\" run build"
      ]
    },
    {
      "source": "functions/Seeder",
      "codebase": "seeder",
      "region": "europe-west3",
      "memory": "256MB",
      "ignore": [
        "node_modules",
        ".git",
        "firebase-debug.log",
        "firebase-debug.*.log",
        "src",
        "test",
        "README.md",
        "ui-debug.log",
        ".env.dev",
        ".env.prod",
        ".env.prod.free",
        ".env.prod.paid",
        "tsconfig.json",
        "tsconfig.build.json",
        "nest-cli.json",
        ".prettierrc",
        ".eslintrc.js",
        ".gitignore",
        ".gcloudignore",
        ".env"
      ],
      "predeploy": [
        "cp \"$RESOURCE_DIR/.env.prod\" \"$RESOURCE_DIR/.env\"",
        "npm --prefix \"$RESOURCE_DIR\" ci",
        "npm --prefix \"$RESOURCE_DIR\" run lint",
        "npm --prefix \"$RESOURCE_DIR\" run build"
      ]
    },
    {
      "source": "functions/SetUserRole",
      "codebase": "setuserrole",
      "region": "europe-west3",
      "memory": "256MB",
      "ignore": [
        "node_modules",
        ".git",
        "firebase-debug.log",
        "firebase-debug.*.log",
        ".gitignore",
        "tsconfig.json",
        "tsconfig.dev.json",
        ".eslintrc.js",
        "src"
      ],
      "predeploy": [
        "npm --prefix \"$RESOURCE_DIR\" ci",
        "npm --prefix \"$RESOURCE_DIR\" run lint",
        "npm --prefix \"$RESOURCE_DIR\" run build"
      ]
    },
    {
      "source": "functions/AddUserRole",
      "codebase": "adduserrole",
      "region": "europe-west3",
      "memory": "256MB",
      "ignore": [
        "node_modules",
        ".git",
        "firebase-debug.log",
        "firebase-debug.*.log",
        ".gitignore",
        "tsconfig.json",
        "tsconfig.dev.json",
        ".eslintrc.js",
        "src"
      ],
      "predeploy": [
        "npm --prefix \"$RESOURCE_DIR\" ci",
        "npm --prefix \"$RESOURCE_DIR\" run lint",
        "npm --prefix \"$RESOURCE_DIR\" run build"
      ]
    }
  ]
}