{
  "dataset": {
    "authorName": "admin@gmail.com",
    "authorRole": "admin",
    "authorUID": "xqcO5YrSc1gb6bf9rVF41Rwz30s2",
    "csvFileUrl": "https://storage.googleapis.com/diploma-thesis-project-c46d9.appspot.com/csvFiles/f900b104-3faa-448e-be64-f51fab0d77f6_conversion_data.csv?GoogleAccessId=firebase-adminsdk-eqffk%40diploma-thesis-project-c46d9.iam.gserviceaccount.com&Expires=1742634078&Signature=hM9wUH8BQT0LgoZ9qIlirXhzzV4U%2BS5JdGgf84T9jd60pKE6U56yNHY3KM7nCeBhRj6JlmY1VSKrVTKS2k4UDDFjE2ZcAw9wuUAghIXRhlS3oB3e%2FBUxb662a%2BHI3WC2%2FPQxkaRYE%2FucWJ%2FXkzFCgH08NKNhrrXpAAEcG%2FWn6IE4jCZd5uTq23cO9ou9REFfLMUl7CgXaIYogGv49HarVbQX%2Bal15ozIGhT%2F4QhdFCsdrdjwcHXD3pPos6sw7EQnfkstCOxj80bPGb9dRpp77POukv2LJ8yeibpOqsyJ3TBFTyYewit1CWYjbCxJKtr%2BkMFq7b1LJDhInTnugV2zdw%3D%3D",
    "datasetDescription": "conversion_data dataset description",
    "datasetName": "conversion_data",
    "firebaseDatasetID": "uxwlXEiVAE0waBhFC5VS",
    "publishDate": "2/24/2024, 5:34:18 PM",
    "size": "big"
  },
  "columns": [
    {
      "columnDescription": "The age of the lead or user.",
      "columnName": "age",
      "annotations": [
        {
          "shortcut": "age_classification",
          "name": "Age Classification",
          "description": "Annotates the age of a person or entity, providing information about their life stage.",
          "id": "5fa13e72-4f72-406e-acbf-85c9e4ffbbc8",
          "related_to": []
        },
        {
          "shortcut": "years",
          "name": "Years",
          "description": "A unit of time used to measure the duration of time, often expressed in the context of age or other temporal aspects. In demographic data, years can represent age groups or the timeframe for specific events.",
          "id": "d5b0ad4c-9a2b-407f-9b24-e5703e4de9e9",
          "related_to": []
        }
      ]
    },
    {
      "columnDescription": "Indicates whether the lead or user has been converted (e.g., true for converted, false for not converted).",
      "columnName": "converted",
      "annotations": [
        {
          "shortcut": "conversion",
          "name": "Conversion",
          "description": "A conversion represents the successful completion of a predefined goal or desired action. It is a significant outcome that signifies positive user engagement and aligns with the objectives of a business, website, or marketing campaign.",
          "id": "bed6d944-88e6-4193-9fc7-1cf111487237",
          "related_to": [
            {
              "shortcut": "kpi",
              "name": "KPI",
              "description": "Key Performance Indicator (KPI) is a measurable value that indicates the effectiveness and success of an organization, business process, or specific activity. KPIs are used to evaluate performance against strategic goals and objectives.",
              "id": "aecd8bb6-b7ac-42a4-ac24-013c4d24fbd5",
              "related_to": [
                {
                  "shortcut": "marketing",
                  "name": "Marketing",
                  "description": "Marketing is the process of identifying customers and \"creating, communicating, delivering, and exchanging\" goods and services for the satisfaction and retention of those customers. It is one of the primary components of business management and commerce.",
                  "id": "e3b1b710-0d64-496b-964a-0ac6f97317d9",
                  "related_to": []
                }
              ]
            }
          ]
        },
        {
          "shortcut": "conversion_outcome",
          "name": "Conversion Outcome",
          "description": "Annotates the lead or user's conversion outcome, providing information on whether they achieved a predefined goal.",
          "id": "cccac355-fdbe-4686-9a43-c34331f63c76",
          "related_to": []
        },
        {
          "shortcut": "flag",
          "name": "Flag",
          "description": "In data representation, a flag is a binary marker used to indicate the presence (true) or absence (false) of a specific condition or state. Flags are commonly employed to signify the completion or non-completion of a particular task or event.",
          "id": "4d230c7e-daf4-4111-b808-c6060536f1e8",
          "related_to": []
        }
      ]
    },
    {
      "columnDescription": "The country associated with the lead or user.",
      "columnName": "country",
      "annotations": [
        {
          "shortcut": "country",
          "name": "Country",
          "description": "A representation of the country associated with the lead or user.",
          "id": "395578a9-7132-4911-afe6-7094ff0a2fa2",
          "related_to": []
        }
      ]
    },
    {
      "columnDescription": "Indicates whether the lead or user is a new user (e.g., true for new, false for existing).",
      "columnName": "new_user",
      "annotations": [
        {
          "shortcut": "new_user",
          "name": "New User",
          "description": "Indicates whether the lead or user is a new user (e.g., true for new, false for existing).",
          "id": "162705a1-6930-4824-a0b2-ee5396236945",
          "related_to": [
            {
              "shortcut": "user",
              "name": "User",
              "description": "Represents a user of the system or platform.",
              "id": "7ee31ddf-06e8-4dd7-8ec4-942ed9085de5",
              "related_to": []
            }
          ]
        }
      ]
    },
    {
      "columnDescription": "The specific source or channel through which the lead or user originated.",
      "columnName": "source",
      "annotations": [
        {
          "shortcut": "source",
          "name": "Source",
          "description": "A representation of the specific source or channel through which the lead or user originated.",
          "id": "a32f9fa9-7b3f-40cd-934d-b3f89077893d",
          "related_to": []
        }
      ]
    },
    {
      "columnDescription": "The total number of pages visited or accessed by the lead or user.",
      "columnName": "total_pages_visited",
      "annotations": [
        {
          "shortcut": "total_pages_visited",
          "name": "Total Pages Visited",
          "description": "A representation of the total number of pages visited or accessed by the lead or user.",
          "id": "6cc25fd3-8ba8-4748-bde5-ee26f7617016",
          "related_to": [
            {
              "shortcut": "page",
              "name": "Page",
              "description": "Represents a page within a system or website.",
              "id": "0b1463d9-55ee-4335-b935-c0c115becd59",
              "related_to": []
            }
          ]
        }
      ]
    }
  ]
}