{
  "dataset": {
    "authorName": "admin@gmail.com",
    "authorRole": "admin",
    "authorUID": "xqcO5YrSc1gb6bf9rVF41Rwz30s2",
    "csvFileUrl": "https://storage.googleapis.com/diploma-thesis-project-c46d9.appspot.com/csvFiles/d4965a77-0524-4df7-867d-c0a4562b8575_customer_conversion_traing_dataset.csv?GoogleAccessId=firebase-adminsdk-eqffk%40diploma-thesis-project-c46d9.iam.gserviceaccount.com&Expires=1742634079&Signature=Z9SFVC%2FzeoCWABdv6QrpnamwwS2dpWNdUeIPgT65UxlJEphoNp4pqnfkvC%2Fs4SejJa%2B2mcAnEerlvm1fKBBPd0e3aXS0XWgwTHHqRFfKCJSo1KTJ%2F5uMWcESY2aUXEA%2BkMGqx3jsGiIo63qqzyfaVBXx%2FomoKg%2FitaHTR41W40cStIi3eRlGKR720E%2BIZNDnqqgnN3U%2Bow3y1ZkDj91Ovp5FY62r7oC2W7Ho7h1u%2BrTS2bmTPraiB86LECXyazd0Hcyh26Vx8VwfjpcqfdXoEelJJjGJSKybwr%2FvW8QK2LJqM7%2FFAoxAvyhbKGyjBGyT4%2FPt08Jp3KOOyIp4FhrGng%3D%3D",
    "datasetDescription": "customer_conversion_traing_dataset dataset description",
    "datasetName": "customer_conversion_traing_dataset",
    "firebaseDatasetID": "utwlXasdEiVAE0waBhFC5VSasdads",
    "publishDate": "2/24/2024, 5:34:23 PM",
    "size": "big"
  },
  "columns": [
    {
      "columnDescription": "The age of the lead.",
      "columnName": "Age",
      "annotations": [
        {
          "shortcut": "age_classification",
          "name": "Age Classification",
          "description": "Annotates the age of a person or entity, providing information about their life stage.",
          "id": "5fa13e72-4f72-406e-acbf-85c9e4ffbbc8",
          "related_to": []
        },
        {
          "shortcut": "years",
          "name": "Years",
          "description": "A unit of time used to measure the duration of time, often expressed in the context of age or other temporal aspects. In demographic data, years can represent age groups or the timeframe for specific events.",
          "id": "d5b0ad4c-9a2b-407f-9b24-e5703e4de9e9",
          "related_to": []
        }
      ]
    },
    {
      "columnDescription": "Click-Through Rate (CTR) specific to the product page, indicating the ratio of clicks to impressions.",
      "columnName": "CTR_ProductPage",
      "annotations": [
        {
          "shortcut": "ctr_product_page",
          "name": "CTR Product Page",
          "description": "A representation of the Click-Through Rate (CTR) specific to the product page, indicating the ratio of clicks to impressions.",
          "id": "e1fe4a3a-bf94-4ffb-98b7-28c828280613",
          "related_to": [
            {
              "shortcut": "ctr",
              "name": "Click-Through Rate (CTR)",
              "description": "An entity representing Click-Through Rate (CTR), a metric indicating the ratio of clicks to impressions.",
              "id": "85b55644-e841-40d4-bf60-697987f453dc",
              "related_to": [
                {
                  "shortcut": "financial_metric",
                  "name": "Financial Metric",
                  "description": "A financial metric is a quantifiable measure used to assess the financial health and performance of a business.",
                  "id": "95fc967d-7454-4ced-b3e5-b836fb856473",
                  "related_to": [
                    {
                      "shortcut": "metric",
                      "name": "Metric",
                      "description": "A metric is a quantifiable measure used for assessing, comparing, and tracking performance.",
                      "id": "0d476f14-001b-49c9-8231-03229a81b8ae",
                      "related_to": [
                        {
                          "shortcut": "marketing",
                          "name": "Marketing",
                          "description": "Marketing is the process of identifying customers and \"creating, communicating, delivering, and exchanging\" goods and services for the satisfaction and retention of those customers. It is one of the primary components of business management and commerce.",
                          "id": "e3b1b710-0d64-496b-964a-0ac6f97317d9",
                          "related_to": []
                        }
                      ]
                    }
                  ]
                }
              ]
            }
          ]
        }
      ]
    },
    {
      "columnDescription": "The type of device used by the lead (e.g., mobile, desktop).",
      "columnName": "DeviceType",
      "annotations": [
        {
          "shortcut": "device_type",
          "name": "Device Type",
          "description": "A representation of the type of device used by an individual or entity (e.g., mobile, desktop).",
          "id": "13486a88-2c88-4fc9-9a3e-f3e45557fd2e",
          "related_to": []
        }
      ]
    },
    {
      "columnDescription": "The number of downloads initiated or completed by the lead.",
      "columnName": "Downloads",
      "annotations": [
        {
          "shortcut": "downloads",
          "name": "Downloads",
          "description": "A representation of the number of downloads initiated or completed by a lead.",
          "id": "9b0d51db-514e-4fc0-8ab9-4fb289a71d02",
          "related_to": []
        }
      ]
    },
    {
      "columnDescription": "Indicates whether an email has been sent to the lead (e.g., true for sent, false for not sent).",
      "columnName": "EmailSent",
      "annotations": [
        {
          "shortcut": "email_sent",
          "name": "Email Sent",
          "description": "A representation of whether an email has been sent to a lead (e.g., true for sent, false for not sent).",
          "id": "64cebbee-5de7-4cf3-b9e3-e0d4f3fc64c9",
          "related_to": [
            {
              "shortcut": "email",
              "name": "Email",
              "description": "Represents whether an email has been sent to a lead (e.g., true for sent, false for not sent).",
              "id": "608cc348-5142-4ca8-8db1-6b55572da19c",
              "related_to": []
            }
          ]
        }
      ]
    },
    {
      "columnDescription": "The number of forms submitted by the lead.",
      "columnName": "FormSubmissions",
      "annotations": [
        {
          "shortcut": "form_submissions",
          "name": "Form Submissions",
          "description": "A representation of the number of forms submitted by a lead.",
          "id": "876fc780-0d6b-492f-a7b6-8a969cfe90a1",
          "related_to": [
            {
              "shortcut": "form",
              "name": "Form",
              "description": "An entity representing a structured document with fields to collect and store information.",
              "id": "de2e8996-3f70-47a6-9269-692c8308155a",
              "related_to": []
            }
          ]
        }
      ]
    },
    {
      "columnDescription": "The gender of the lead (e.g., male, female).",
      "columnName": "Gender",
      "annotations": [
        {
          "shortcut": "demographics",
          "name": "Demographics",
          "description": "Demographics: The study of statistical data related to human populations, focusing on characteristics such as age, gender, and other factors. In the context of marketing, demographics provide insights into the composition of the target audience.",
          "id": "44337d0a-82e6-41ea-baea-27d1139e3073",
          "related_to": []
        },
        {
          "shortcut": "gender_identity",
          "name": "Gender Identity",
          "description": "Annotates the gender information of an individual, indicating their biological sex or gender identity.",
          "id": "bf32c76a-0de7-4f37-bda9-23a8f76ad01f",
          "related_to": []
        }
      ]
    },
    {
      "columnDescription": "A unique identifier or code assigned to each lead for identification purposes.",
      "columnName": "LeadID",
      "annotations": [
        {
          "shortcut": "entity_identifier",
          "name": "Entity Identifier",
          "description": "An entity identifier is a unique reference or key that uniquely identifies an entity in a system or dataset.",
          "id": "dddef883-cf22-4b62-811b-ecfb78b0a159",
          "related_to": []
        }
      ]
    },
    {
      "columnDescription": "The specific source or channel through which the lead was acquired.",
      "columnName": "LeadSource",
      "annotations": [
        {
          "shortcut": "lead_source",
          "name": "Lead Source",
          "description": "A representation of the source or channel through which a lead was acquired.",
          "id": "f5f668d3-e13c-471c-a7a9-aa41ab2464ad",
          "related_to": []
        }
      ]
    },
    {
      "columnDescription": "The current status of the lead (e.g., qualified, unqualified, contacted).",
      "columnName": "LeadStatus",
      "annotations": [
        {
          "shortcut": "lead_status",
          "name": "Lead Status",
          "description": "A representation of the current status of a lead (e.g., qualified, unqualified, contacted).",
          "id": "91b3f78b-90dc-4366-ad21-e927ba1bb1bd",
          "related_to": []
        }
      ]
    },
    {
      "columnDescription": "The geographical location or address of the lead.",
      "columnName": "Location",
      "annotations": [
        {
          "shortcut": "location",
          "name": "Location",
          "description": "A representation of the geographical location or address of an individual or entity.",
          "id": "f5874080-8c2a-45b3-8f01-60a294197bfa",
          "related_to": []
        }
      ]
    },
    {
      "columnDescription": "The number of pages viewed or accessed by the lead.",
      "columnName": "PagesViewed",
      "annotations": [
        {
          "shortcut": "pages_viewed",
          "name": "Pages Viewed",
          "description": "A representation of the number of pages viewed or accessed by an individual or entity.",
          "id": "17c6ffbc-e28a-452b-8e5c-4708fd7aa577",
          "related_to": [
            {
              "shortcut": "page",
              "name": "Page",
              "description": "Represents a page within a system or website.",
              "id": "0b1463d9-55ee-4335-b935-c0c115becd59",
              "related_to": []
            }
          ]
        }
      ]
    },
    {
      "columnDescription": "The source from which the lead was referred or directed.",
      "columnName": "ReferralSource",
      "annotations": [
        {
          "shortcut": "referral_source",
          "name": "Referral Source",
          "description": "A representation of the source from which a lead was referred or directed.",
          "id": "0b7f5436-6382-4d7d-a938-06109eb537bd",
          "related_to": []
        }
      ]
    },
    {
      "columnDescription": "The time taken to respond to the lead, often measured in minutes.",
      "columnName": "ResponseTime",
      "annotations": [
        {
          "shortcut": "response_time",
          "name": "Response Time",
          "description": "A representation of the time taken to respond to a lead, often measured in minutes.",
          "id": "c7f77240-d7de-4897-8672-9e67f761f9e4",
          "related_to": [
            {
              "shortcut": "time",
              "name": "Time",
              "description": "Represents the duration or amount of time taken for a particular process or activity.",
              "id": "8f8c99ee-dfc6-4774-95f1-9f8ab469a7b9",
              "related_to": []
            }
          ]
        }
      ]
    },
    {
      "columnDescription": "The amount of time, measured in minutes, that the lead spent on a particular activity or platform.",
      "columnName": "TimeSpent (minutes)",
      "annotations": [
        {
          "shortcut": "minutes",
          "name": "Minutes",
          "description": "A representation of the unit of time, measured in minutes.",
          "id": "0f8ab137-cd8f-4ed7-aa90-0c5aa79dabad",
          "related_to": []
        },
        {
          "shortcut": "time_spent",
          "name": "Time Spent",
          "description": "A representation of the amount of time, measured in minutes, spent on a particular activity or platform.",
          "id": "d71277d5-d1f8-403b-b9b4-21675c5bc4ab",
          "related_to": [
            {
              "shortcut": "time",
              "name": "Time",
              "description": "Represents the duration or amount of time taken for a particular process or activity.",
              "id": "8f8c99ee-dfc6-4774-95f1-9f8ab469a7b9",
              "related_to": []
            }
          ]
        }
      ]
    }
  ]
}