{
  "dataset": {
    "authorName": "admin@gmail.com",
    "authorRole": "admin",
    "authorUID": "xqcO5YrSc1gb6bf9rVF41Rwz30s2",
    "csvFileUrl": "https://storage.googleapis.com/diploma-thesis-project-c46d9.appspot.com/csvFiles/d64c326c-919d-4c56-85b3-63ced1d88af1_Ecommerce%20Customers.csv?GoogleAccessId=firebase-adminsdk-eqffk%40diploma-thesis-project-c46d9.iam.gserviceaccount.com&Expires=1742634077&Signature=dO9iY8Q7Uy0M6LTlNqD8QN4TUCg2T3I8IfUNDELNssr%2FVH354JMG6VFS57nRnX2h1kyTPJBUX6JnyLE2xnWbV8Vo99LuwZFuMSPY0vXeyAS%2FTa5Z12FRKzDtvaTn%2BYks7gwF3e%2B5dkj6Bt8ztKqBxUDQTYNO%2BgpREv%2FrEp3yi%2FYGcii%2BuTiExF0Cs7n7MIWMiV0pvFraEBE9QFhx93gmKGM%2B7eZQyh%2BINFpYyFEo6jDJz2WxK%2FoaOgC9dzk2LTZiwxtych%2Foxt9Vw15dWWqFy4Jd4oGEuVU2p0xRxGpWVX003eOXvV6DA75BVgu%2ByEXgqdB%2BrzSltBs842ZEhpDW0A%3D%3D",
    "datasetDescription": "Ecommerce Customers dataset description",
    "datasetName": "Ecommerce Customers",
    "firebaseDatasetID": "i11dedyswB5bQ7RVTkD0",
    "publishDate": "12/1/2023, 4:59:59 PM",
    "size": "small"
  },
  "columns": [
    {
      "columnDescription": "Address: The physical address associated with the user's account, providing location information.",
      "columnName": "Address",
      "annotations": [
        {
          "shortcut": "address",
          "name": "Address",
          "description": "Address: Represents the physical address associated with user accounts. It serves as a location identifier and is essential for user-specific interactions, account verification, and communication within the system.",
          "id": "59882f52-7580-4456-93a4-6b023db85316",
          "related_to": [
            {
              "shortcut": "user_profile",
              "name": "User Profile",
              "description": "User Profile: A representation of an individual user within a system, created by combining information from various columns. The 'Email' serves as a unique identifier and communication channel. 'Address' provides the physical location associated with the user. 'Avatar' is a visual representation or profile image enhancing personalization and recognition.",
              "id": "d37c97fa-1f80-470b-90ae-2b3070ccc0ee",
              "related_to": []
            }
          ]
        }
      ]
    },
    {
      "columnDescription": "Avatar: Represents the user's profile image or visual representation within the system.",
      "columnName": "Avatar",
      "annotations": [
        {
          "shortcut": "avatar",
          "name": "Avatar",
          "description": "Avatar: Represents visual profile images associated with users within the system. While not a direct identifier, avatars contribute to personalization and recognition, enhancing the user experience.",
          "id": "be25637f-253d-4747-baad-58d57bb3f713",
          "related_to": [
            {
              "shortcut": "user_profile",
              "name": "User Profile",
              "description": "User Profile: A representation of an individual user within a system, created by combining information from various columns. The 'Email' serves as a unique identifier and communication channel. 'Address' provides the physical location associated with the user. 'Avatar' is a visual representation or profile image enhancing personalization and recognition.",
              "id": "d37c97fa-1f80-470b-90ae-2b3070ccc0ee",
              "related_to": []
            }
          ]
        }
      ]
    },
    {
      "columnDescription": "Avg. Session Length: The average duration of user sessions on the application or website.",
      "columnName": "Avg. Session Length",
      "annotations": [
        {
          "shortcut": "session_length",
          "name": "Session Length",
          "description": "The duration of time a user actively interacts with a system or application during a single session. It measures the engagement and usability of the platform, reflecting how long users typically remain involved and engaged in their activities.",
          "id": "74a1ced1-a59b-44d2-9e8c-397c5de04e54",
          "related_to": [
            {
              "shortcut": "engagement_metrics",
              "name": "Engagement Metrics",
              "description": "Engagement Metrics: Provide insights into user interaction, including 'Avg. Session Length,' 'Time on App,' and 'Time on Website.' These metrics help gauge user activity and engagement with the app and website.",
              "id": "fbf1262c-7022-4293-a88a-4cd942f9dfc5",
              "related_to": [
                {
                  "shortcut": "metric",
                  "name": "Metric",
                  "description": "A metric is a quantifiable measure used for assessing, comparing, and tracking performance.",
                  "id": "122048fa-ad9a-4d7e-9184-86f57e5e7f41",
                  "related_to": []
                }
              ]
            }
          ]
        }
      ]
    },
    {
      "columnDescription": "Email: The email address of the user, serving as a unique identifier and means of communication.",
      "columnName": "Email",
      "annotations": [
        {
          "shortcut": "email",
          "name": "Email",
          "description": "Email: Contains the unique email addresses of users. It serves as a primary identifier and communication channel within the system, crucial for user-specific interactions, account verification, and communication purposes.",
          "id": "0f986493-4776-4886-9553-f82e55053f5e",
          "related_to": [
            {
              "shortcut": "user_profile",
              "name": "User Profile",
              "description": "User Profile: A representation of an individual user within a system, created by combining information from various columns. The 'Email' serves as a unique identifier and communication channel. 'Address' provides the physical location associated with the user. 'Avatar' is a visual representation or profile image enhancing personalization and recognition.",
              "id": "d37c97fa-1f80-470b-90ae-2b3070ccc0ee",
              "related_to": []
            }
          ]
        }
      ]
    },
    {
      "columnDescription": "Length of Membership: The duration for which a user has been a member or subscriber.",
      "columnName": "Length of Membership",
      "annotations": [
        {
          "shortcut": "membership_length",
          "name": "Length of Membership",
          "description": "Length of Membership: The duration of time a user has been a member or subscriber to a service or platform. This metric reflects user loyalty and long-term commitment, providing insights into the retention and satisfaction levels of the user base.",
          "id": "eee25c98-a522-4473-8c64-e083e95fb4e9",
          "related_to": [
            {
              "shortcut": "membership_metrics",
              "name": "Membership Dynamics Metrics",
              "description": "Membership Dynamics Metrics: 'Length of Membership' and 'Yearly Amount Spent' can be used to analyze the relationship between user loyalty and spending. Longer membership durations may correlate with higher yearly spending, indicating a strong customer relationship.",
              "id": "a751518f-18db-4098-ac01-72e9028fa953",
              "related_to": [
                {
                  "shortcut": "metric",
                  "name": "Metric",
                  "description": "A metric is a quantifiable measure used for assessing, comparing, and tracking performance.",
                  "id": "122048fa-ad9a-4d7e-9184-86f57e5e7f41",
                  "related_to": []
                }
              ]
            }
          ]
        }
      ]
    },
    {
      "columnDescription": "Time on App: The total time users spend actively engaged with the mobile application.",
      "columnName": "Time on App",
      "annotations": [
        {
          "shortcut": "time_on_app",
          "name": "Time on App",
          "description": "Time on App: The total amount of time users spend actively engaging with a mobile application. This metric measures the user's investment of time and attention on the app, providing insights into user engagement, satisfaction, and the overall appeal of the mobile experience.",
          "id": "cc451d31-f42c-4194-b116-e3312c6893bf",
          "related_to": [
            {
              "shortcut": "engagement_metrics",
              "name": "Engagement Metrics",
              "description": "Engagement Metrics: Provide insights into user interaction, including 'Avg. Session Length,' 'Time on App,' and 'Time on Website.' These metrics help gauge user activity and engagement with the app and website.",
              "id": "fbf1262c-7022-4293-a88a-4cd942f9dfc5",
              "related_to": [
                {
                  "shortcut": "metric",
                  "name": "Metric",
                  "description": "A metric is a quantifiable measure used for assessing, comparing, and tracking performance.",
                  "id": "122048fa-ad9a-4d7e-9184-86f57e5e7f41",
                  "related_to": []
                }
              ]
            }
          ]
        }
      ]
    },
    {
      "columnDescription": "Time on Website: The total time users spend actively engaged with the website.",
      "columnName": "Time on Website",
      "annotations": [
        {
          "shortcut": "time_on_website",
          "name": "Time on Website",
          "description": "Time on Website: The total amount of time users spend actively engaging with a website. This metric measures the user's investment of time and attention on the website, providing insights into user engagement, satisfaction, and the overall appeal of the online experience.",
          "id": "1f1f1a0c-4ba7-4063-b3bc-46e3e8487a54",
          "related_to": [
            {
              "shortcut": "engagement_metrics",
              "name": "Engagement Metrics",
              "description": "Engagement Metrics: Provide insights into user interaction, including 'Avg. Session Length,' 'Time on App,' and 'Time on Website.' These metrics help gauge user activity and engagement with the app and website.",
              "id": "fbf1262c-7022-4293-a88a-4cd942f9dfc5",
              "related_to": [
                {
                  "shortcut": "metric",
                  "name": "Metric",
                  "description": "A metric is a quantifiable measure used for assessing, comparing, and tracking performance.",
                  "id": "122048fa-ad9a-4d7e-9184-86f57e5e7f41",
                  "related_to": []
                }
              ]
            }
          ]
        }
      ]
    },
    {
      "columnDescription": "Yearly Amount Spent: The total expenditure by the user on the platform over the course of a year.",
      "columnName": "Yearly Amount Spent",
      "annotations": [
        {
          "shortcut": "revenue_metrics",
          "name": "Revenue Generation Metrics",
          "description": "Serves as a key metric for revenue generation. Analyzing this, along with other metrics, can help identify high-value customers and optimize strategies to increase spending.",
          "id": "f33b98f1-30b2-4064-9bce-376fe958d6c8",
          "related_to": [
            {
              "shortcut": "metric",
              "name": "Metric",
              "description": "A metric is a quantifiable measure used for assessing, comparing, and tracking performance.",
              "id": "122048fa-ad9a-4d7e-9184-86f57e5e7f41",
              "related_to": []
            }
          ]
        },
        {
          "shortcut": "yearly_spending",
          "name": "Yearly Amount Spent",
          "description": "Yearly Amount Spent: The total monetary expenditure by a user within a year on a service, product, or platform. This metric measures the user's financial investment, providing insights into spending patterns, customer value, and the overall economic contribution of individual users.",
          "id": "d0b7da65-4b3a-4a88-8b84-056cbf9cc1c6",
          "related_to": [
            {
              "shortcut": "membership_metrics",
              "name": "Membership Dynamics Metrics",
              "description": "Membership Dynamics Metrics: 'Length of Membership' and 'Yearly Amount Spent' can be used to analyze the relationship between user loyalty and spending. Longer membership durations may correlate with higher yearly spending, indicating a strong customer relationship.",
              "id": "a751518f-18db-4098-ac01-72e9028fa953",
              "related_to": [
                {
                  "shortcut": "metric",
                  "name": "Metric",
                  "description": "A metric is a quantifiable measure used for assessing, comparing, and tracking performance.",
                  "id": "122048fa-ad9a-4d7e-9184-86f57e5e7f41",
                  "related_to": []
                }
              ]
            }
          ]
        }
      ]
    }
  ]
}