{
  "dataset": {
    "authorName": "admin@gmail.com",
    "authorRole": "admin",
    "authorUID": "xqcO5YrSc1gb6bf9rVF41Rwz30s2",
    "csvFileUrl": "https://storage.googleapis.com/diploma-thesis-project-c46d9.appspot.com/csvFiles/e3cf7756-6a5e-40e8-8038-28f189ad5a62_KAG_conversion_data.csv?GoogleAccessId=firebase-adminsdk-eqffk%40diploma-thesis-project-c46d9.iam.gserviceaccount.com&Expires=1742634077&Signature=pAOCvv9BmzX%2FgRRPQT93r4nv6bS%2BFN7G3uQLqnYD6t1DMIp4IY7ZKFcbTBEwOl5Gv4gcQXziw1OUqIMfNHVTt3tyEh7pZwzb5WhPQRupGXgbvxW0rDnyaGeu6FmHmEccYJUGrY4m0DlzRKnfgYsyi3OJEwBSmgmnmGcNTAKWOY0B%2B6O61MRV%2FCteSUH181Iv0tOG2T9Tjkxq6A7u3X4AsQiINEdaCNsn67hiE1OfIZIJqG86jJRVOY7ZIsg%2ByQd3wKuDUDTUYcOz3ehCy1yvS845%2B0b6Nob3z%2BXvXfQAlzr8nwZODIkibafxAcpklLcp4zCRGoaZbMLEEl%2BNYRZheQ%3D%3D",
    "datasetDescription": "KAG_conversion_data dataset description",
    "datasetName": "KAG_conversion_data",
    "firebaseDatasetID": "m7LxNH7cOHwHZG0yei7I",
    "publishDate": "11/19/2023, 8:22:03 PM",
    "size": "small"
  },
  "columns": [
    {
      "columnDescription": "Ad ID: A unique identifier for each advertisement in the marketing campaign.",
      "columnName": "ad_id",
      "annotations": [
        {
          "shortcut": "ad_identifier",
          "name": "Ad Identifier",
          "description": "Ad Identifier: Ad ID is a unique identifier assigned to individual advertisements in the marketing campaign. It facilitates tracking, analysis, and management of ad performance.",
          "id": "eba06d58-54a6-418e-86b8-6319e65eccb5",
          "related_to": []
        }
      ]
    },
    {
      "columnDescription": "Age: The age group or range of the target audience for the advertisement.",
      "columnName": "age",
      "annotations": [
        {
          "shortcut": "age_range",
          "name": "Age Range",
          "description": "An age range is a segment of the population grouped based on a specified span of ages. It allows for tailored marketing strategies within the categorized age group.",
          "id": "41900e8d-bbd5-40c5-a0e8-bf89c5a21ad0",
          "related_to": [
            {
              "shortcut": "demographics",
              "name": "Demographics",
              "description": "Demographics: The study of statistical data related to human populations, focusing on characteristics such as age, gender, and other factors. In the context of marketing, demographics provide insights into the composition of the target audience.",
              "id": "44337d0a-82e6-41ea-baea-27d1139e3073",
              "related_to": []
            }
          ]
        },
        {
          "shortcut": "years",
          "name": "Years",
          "description": "A unit of time used to measure the duration of time, often expressed in the context of age or other temporal aspects. In demographic data, years can represent age groups or the timeframe for specific events.",
          "id": "d5b0ad4c-9a2b-407f-9b24-e5703e4de9e9",
          "related_to": []
        }
      ]
    },
    {
      "columnDescription": "Approved Conversion: The number of conversions that have been approved and validated.",
      "columnName": "Approved_Conversion",
      "annotations": [
        {
          "shortcut": "conversion_approval_metric",
          "name": "Conversion Approval Metric",
          "description": "Conversion Approval Metric quantifies successful user actions in an advertising campaign, reflecting achieved conversions such as sign-ups or purchases. It's a crucial indicator of campaign effectiveness, guiding advertisers to assess strategy success and refine approaches for enhanced conversion rates.",
          "id": "4ea7abb8-e015-4673-8d6d-68c8f664bd2a",
          "related_to": [
            {
              "shortcut": "roi",
              "name": "Return on Investment (ROI)",
              "description": "Return on Investment (ROI): A financial metric comparing advertising campaign gains to costs. The formula is the ratio of the difference between successful conversions ('Approved_Conversion' multiplied by 'Value_Per_Conversion') and the total campaign investment ('Spent') to 'Spent,' multiplied by 100. A positive ROI indicates profitability, while a negative ROI suggests potential optimization needs.",
              "id": "85d2e23e-029a-45b7-9ae0-c76f02d2f4b0",
              "related_to": [
                {
                  "shortcut": "financial_metric",
                  "name": "Financial Metric",
                  "description": "A financial metric is a quantifiable measure used to assess the financial health and performance of a business.",
                  "id": "95fc967d-7454-4ced-b3e5-b836fb856473",
                  "related_to": [
                    {
                      "shortcut": "metric",
                      "name": "Metric",
                      "description": "A metric is a quantifiable measure used for assessing, comparing, and tracking performance.",
                      "id": "0d476f14-001b-49c9-8231-03229a81b8ae",
                      "related_to": [
                        {
                          "shortcut": "marketing",
                          "name": "Marketing",
                          "description": "Marketing is the process of identifying customers and \"creating, communicating, delivering, and exchanging\" goods and services for the satisfaction and retention of those customers. It is one of the primary components of business management and commerce.",
                          "id": "e3b1b710-0d64-496b-964a-0ac6f97317d9",
                          "related_to": []
                        }
                      ]
                    }
                  ]
                }
              ]
            }
          ]
        },
        {
          "shortcut": "conversion_rate",
          "name": "Conversion Rate",
          "description": "Conversion Rate: Calculated by dividing 'Approved_Conversion' by 'Total_Conversion' in an advertising campaign, it gauges how effectively the campaign transforms potential interest into actual conversions. A higher 'Conversion Rate' signifies successful achievement of desired user actions, enabling optimization for increased conversion success.",
          "id": "632ed456-69b7-4fbf-8c15-298ceefbb59c",
          "related_to": [
            {
              "shortcut": "metric",
              "name": "Metric",
              "description": "A metric is a quantifiable measure used for assessing, comparing, and tracking performance.",
              "id": "122048fa-ad9a-4d7e-9184-86f57e5e7f41",
              "related_to": []
            }
          ]
        },
        {
          "shortcut": "cost_efficiency",
          "name": "Cost-Efficiency",
          "description": "Cost-Efficiency Metric: Analyzing 'Spent,' 'Total_Conversion,' and 'Approved_Conversion' in an advertising campaign to evaluate budget effectiveness in achieving conversions. Advertisers use this metric for overall campaign assessment and resource optimization. A higher 'Cost-Efficiency' indicates effective budget utilization for approved conversions, while a lower efficiency suggests areas for improvement.",
          "id": "e16ffefa-cf62-4559-9fb2-2f99a8948700",
          "related_to": [
            {
              "shortcut": "financial_metric",
              "name": "Financial Metric",
              "description": "A financial metric is a quantifiable measure used to assess the financial health and performance of a business.",
              "id": "95fc967d-7454-4ced-b3e5-b836fb856473",
              "related_to": [
                {
                  "shortcut": "metric",
                  "name": "Metric",
                  "description": "A metric is a quantifiable measure used for assessing, comparing, and tracking performance.",
                  "id": "0d476f14-001b-49c9-8231-03229a81b8ae",
                  "related_to": [
                    {
                      "shortcut": "marketing",
                      "name": "Marketing",
                      "description": "Marketing is the process of identifying customers and \"creating, communicating, delivering, and exchanging\" goods and services for the satisfaction and retention of those customers. It is one of the primary components of business management and commerce.",
                      "id": "e3b1b710-0d64-496b-964a-0ac6f97317d9",
                      "related_to": []
                    }
                  ]
                }
              ]
            }
          ]
        }
      ]
    },
    {
      "columnDescription": "Clicks: The number of clicks received on the advertisement, indicating user interaction.",
      "columnName": "Clicks",
      "annotations": [
        {
          "shortcut": "click",
          "name": "Click",
          "description": "In digital advertising, a 'click' is a user's interaction with an ad. 'Clicks' represent the total number of user selections on an ad, signifying engagement and interest.",
          "id": "49eae644-e9b9-4e09-a0e1-a8fbbc6bb8da",
          "related_to": [
            {
              "shortcut": "engagement_rate",
              "name": "Engagement Rate",
              "description": "Engagement Rate: A metric combining 'Impressions' and 'Clicks' in an advertising campaign, calculated as the ratio of 'Clicks' to 'Impressions.' It gauges how effectively ads capture attention and encourage user interaction. A higher 'Engagement Rate' signifies greater audience interaction and interest. Advertisers use this metric to assess ad content effectiveness and optimize campaigns for improved interaction.",
              "id": "a10199bf-30b6-48ec-8c48-41cec87a4d18",
              "related_to": [
                {
                  "shortcut": "marketing_metrics",
                  "name": "Marketing Metrics",
                  "description": "Marketing Metrics: A diverse set of measurements assessing the effectiveness of marketing strategies. These metrics provide insights into audience engagement, campaign performance, and overall impact on business objectives. Examples include 'Engagement Rate,' 'Click-Through Rate (CTR),' 'Conversion Rate,' and 'Impressions.' Advertisers leverage these metrics for data-driven decisions, campaign optimization, and alignment with organizational goals.",
                  "id": "fadbc7ff-2698-4b13-84b5-4ee686a2a29b",
                  "related_to": [
                    {
                      "shortcut": "metric",
                      "name": "Metric",
                      "description": "A metric is a quantifiable measure used for assessing, comparing, and tracking performance.",
                      "id": "122048fa-ad9a-4d7e-9184-86f57e5e7f41",
                      "related_to": []
                    }
                  ]
                }
              ]
            }
          ]
        }
      ]
    },
    {
      "columnDescription": "Facebook Campaign ID: An identifier for the Facebook campaign associated with the advertisement.",
      "columnName": "fb_campaign_id",
      "annotations": [
        {
          "shortcut": "fb_campaign_identifier",
          "name": "Facebook Campaign Identifier",
          "description": "Facebook Campaign Identifier: Facebook Campaign ID serves as a unique identifier for advertisements associated with a specific Facebook campaign. It plays a crucial role in tracking, analyzing, and managing ads within the Facebook platform.",
          "id": "8df8e411-68d8-4eb7-a338-4b73ba57dd50",
          "related_to": []
        }
      ]
    },
    {
      "columnDescription": "Gender: The gender category of the target audience for the advertisement.",
      "columnName": "gender",
      "annotations": [
        {
          "shortcut": "gender",
          "name": "Gender",
          "description": "Indicates the gender of individuals, using \"M\" for Male and \"F\" for Female. This information is essential for demographic targeting and audience segmentation based on gender.",
          "id": "3b0957e5-28bc-494a-92f3-e538e3ec2f56",
          "related_to": [
            {
              "shortcut": "demographics",
              "name": "Demographics",
              "description": "Demographics: The study of statistical data related to human populations, focusing on characteristics such as age, gender, and other factors. In the context of marketing, demographics provide insights into the composition of the target audience.",
              "id": "44337d0a-82e6-41ea-baea-27d1139e3073",
              "related_to": []
            }
          ]
        }
      ]
    },
    {
      "columnDescription": "Impressions: The number of times the advertisement was viewed or displayed.",
      "columnName": "Impressions",
      "annotations": [
        {
          "shortcut": "impressions",
          "name": "Impressions",
          "description": "Impressions: The total number of times an ad or content is displayed to individuals within the target audience. It measures the reach and exposure of the marketing campaign, indicating how frequently the content is viewed by potential customers.",
          "id": "ea0c0ac8-a281-4c2b-951a-936708bc3541",
          "related_to": [
            {
              "shortcut": "engagement_rate",
              "name": "Engagement Rate",
              "description": "Engagement Rate: A metric combining 'Impressions' and 'Clicks' in an advertising campaign, calculated as the ratio of 'Clicks' to 'Impressions.' It gauges how effectively ads capture attention and encourage user interaction. A higher 'Engagement Rate' signifies greater audience interaction and interest. Advertisers use this metric to assess ad content effectiveness and optimize campaigns for improved interaction.",
              "id": "a10199bf-30b6-48ec-8c48-41cec87a4d18",
              "related_to": [
                {
                  "shortcut": "marketing_metrics",
                  "name": "Marketing Metrics",
                  "description": "Marketing Metrics: A diverse set of measurements assessing the effectiveness of marketing strategies. These metrics provide insights into audience engagement, campaign performance, and overall impact on business objectives. Examples include 'Engagement Rate,' 'Click-Through Rate (CTR),' 'Conversion Rate,' and 'Impressions.' Advertisers leverage these metrics for data-driven decisions, campaign optimization, and alignment with organizational goals.",
                  "id": "fadbc7ff-2698-4b13-84b5-4ee686a2a29b",
                  "related_to": [
                    {
                      "shortcut": "metric",
                      "name": "Metric",
                      "description": "A metric is a quantifiable measure used for assessing, comparing, and tracking performance.",
                      "id": "122048fa-ad9a-4d7e-9184-86f57e5e7f41",
                      "related_to": []
                    }
                  ]
                }
              ]
            }
          ]
        },
        {
          "shortcut": "visibility_metric",
          "name": "Visibility Metric",
          "description": "Visibility Metric: 'Impressions' measures how often an ad is displayed to users, providing crucial insights into potential reach and exposure. It's foundational for understanding ad impact and analyzing campaign performance.",
          "id": "fd702ab0-ebcf-4e04-a915-53e52b371590",
          "related_to": [
            {
              "shortcut": "metric",
              "name": "Metric",
              "description": "A metric is a quantifiable measure used for assessing, comparing, and tracking performance.",
              "id": "122048fa-ad9a-4d7e-9184-86f57e5e7f41",
              "related_to": []
            }
          ]
        }
      ]
    },
    {
      "columnDescription": "Interest: The specific area of interest or topic targeting the advertisement.",
      "columnName": "interest",
      "annotations": []
    },
    {
      "columnDescription": "Spent: The amount of money spent on the advertisement campaign.",
      "columnName": "Spent",
      "annotations": [
        {
          "shortcut": "cost_efficiency",
          "name": "Cost-Efficiency",
          "description": "Cost-Efficiency Metric: Analyzing 'Spent,' 'Total_Conversion,' and 'Approved_Conversion' in an advertising campaign to evaluate budget effectiveness in achieving conversions. Advertisers use this metric for overall campaign assessment and resource optimization. A higher 'Cost-Efficiency' indicates effective budget utilization for approved conversions, while a lower efficiency suggests areas for improvement.",
          "id": "e16ffefa-cf62-4559-9fb2-2f99a8948700",
          "related_to": [
            {
              "shortcut": "financial_metric",
              "name": "Financial Metric",
              "description": "A financial metric is a quantifiable measure used to assess the financial health and performance of a business.",
              "id": "95fc967d-7454-4ced-b3e5-b836fb856473",
              "related_to": [
                {
                  "shortcut": "metric",
                  "name": "Metric",
                  "description": "A metric is a quantifiable measure used for assessing, comparing, and tracking performance.",
                  "id": "0d476f14-001b-49c9-8231-03229a81b8ae",
                  "related_to": [
                    {
                      "shortcut": "marketing",
                      "name": "Marketing",
                      "description": "Marketing is the process of identifying customers and \"creating, communicating, delivering, and exchanging\" goods and services for the satisfaction and retention of those customers. It is one of the primary components of business management and commerce.",
                      "id": "e3b1b710-0d64-496b-964a-0ac6f97317d9",
                      "related_to": []
                    }
                  ]
                }
              ]
            }
          ]
        },
        {
          "shortcut": "expenditure_indicator",
          "name": "Expenditure Indicator",
          "description": "Expenditure Indicator reflects the total financial investment in an advertising campaign, covering costs for placements and promotions. This metric is crucial for budget assessment, cost-effectiveness, and optimizing future strategies. A higher 'Spent' value may indicate a more significant investment, influencing return on investment (ROI) analysis.",
          "id": "da895aa4-6fba-4d1f-a696-06f6f00581fa",
          "related_to": [
            {
              "shortcut": "roi",
              "name": "Return on Investment (ROI)",
              "description": "Return on Investment (ROI): A financial metric comparing advertising campaign gains to costs. The formula is the ratio of the difference between successful conversions ('Approved_Conversion' multiplied by 'Value_Per_Conversion') and the total campaign investment ('Spent') to 'Spent,' multiplied by 100. A positive ROI indicates profitability, while a negative ROI suggests potential optimization needs.",
              "id": "85d2e23e-029a-45b7-9ae0-c76f02d2f4b0",
              "related_to": [
                {
                  "shortcut": "financial_metric",
                  "name": "Financial Metric",
                  "description": "A financial metric is a quantifiable measure used to assess the financial health and performance of a business.",
                  "id": "95fc967d-7454-4ced-b3e5-b836fb856473",
                  "related_to": [
                    {
                      "shortcut": "metric",
                      "name": "Metric",
                      "description": "A metric is a quantifiable measure used for assessing, comparing, and tracking performance.",
                      "id": "0d476f14-001b-49c9-8231-03229a81b8ae",
                      "related_to": [
                        {
                          "shortcut": "marketing",
                          "name": "Marketing",
                          "description": "Marketing is the process of identifying customers and \"creating, communicating, delivering, and exchanging\" goods and services for the satisfaction and retention of those customers. It is one of the primary components of business management and commerce.",
                          "id": "e3b1b710-0d64-496b-964a-0ac6f97317d9",
                          "related_to": []
                        }
                      ]
                    }
                  ]
                }
              ]
            }
          ]
        }
      ]
    },
    {
      "columnDescription": "Total Conversion: The total number of conversions attributed to the advertisement, including approved and unapproved conversions.",
      "columnName": "Total_Conversion",
      "annotations": [
        {
          "shortcut": "conversion_rate",
          "name": "Conversion Rate",
          "description": "Conversion Rate: Calculated by dividing 'Approved_Conversion' by 'Total_Conversion' in an advertising campaign, it gauges how effectively the campaign transforms potential interest into actual conversions. A higher 'Conversion Rate' signifies successful achievement of desired user actions, enabling optimization for increased conversion success.",
          "id": "632ed456-69b7-4fbf-8c15-298ceefbb59c",
          "related_to": [
            {
              "shortcut": "metric",
              "name": "Metric",
              "description": "A metric is a quantifiable measure used for assessing, comparing, and tracking performance.",
              "id": "122048fa-ad9a-4d7e-9184-86f57e5e7f41",
              "related_to": []
            }
          ]
        },
        {
          "shortcut": "cost_efficiency",
          "name": "Cost-Efficiency",
          "description": "Cost-Efficiency Metric: Analyzing 'Spent,' 'Total_Conversion,' and 'Approved_Conversion' in an advertising campaign to evaluate budget effectiveness in achieving conversions. Advertisers use this metric for overall campaign assessment and resource optimization. A higher 'Cost-Efficiency' indicates effective budget utilization for approved conversions, while a lower efficiency suggests areas for improvement.",
          "id": "e16ffefa-cf62-4559-9fb2-2f99a8948700",
          "related_to": [
            {
              "shortcut": "financial_metric",
              "name": "Financial Metric",
              "description": "A financial metric is a quantifiable measure used to assess the financial health and performance of a business.",
              "id": "95fc967d-7454-4ced-b3e5-b836fb856473",
              "related_to": [
                {
                  "shortcut": "metric",
                  "name": "Metric",
                  "description": "A metric is a quantifiable measure used for assessing, comparing, and tracking performance.",
                  "id": "0d476f14-001b-49c9-8231-03229a81b8ae",
                  "related_to": [
                    {
                      "shortcut": "marketing",
                      "name": "Marketing",
                      "description": "Marketing is the process of identifying customers and \"creating, communicating, delivering, and exchanging\" goods and services for the satisfaction and retention of those customers. It is one of the primary components of business management and commerce.",
                      "id": "e3b1b710-0d64-496b-964a-0ac6f97317d9",
                      "related_to": []
                    }
                  ]
                }
              ]
            }
          ]
        }
      ]
    },
    {
      "columnDescription": "XYZ Campaign ID: An identifier for the XYZ campaign to which the advertisement belongs.",
      "columnName": "xyz_campaign_id",
      "annotations": [
        {
          "shortcut": "xyz_campaign_identifier",
          "name": "XYZ Campaign Identifier",
          "description": "XYZ Campaign Identifier: XYZ Campaign ID serves as a unique identifier for advertisements associated with the XYZ campaign. It facilitates tracking, analysis, and management of ads within this specific marketing initiative.",
          "id": "473fd8d5-8ab7-45ef-9d36-9be34952dc93",
          "related_to": []
        }
      ]
    }
  ]
}