{
  "dataset": {
    "authorName": "admin@gmail.com",
    "authorRole": "admin",
    "authorUID": "xqcO5YrSc1gb6bf9rVF41Rwz30s2",
    "csvFileUrl": "https://storage.googleapis.com/diploma-thesis-project-c46d9.appspot.com/csvFiles/8df06145-632f-4a8c-8cd6-bb255890c504_mkt_synthetic.csv?GoogleAccessId=firebase-adminsdk-eqffk%40diploma-thesis-project-c46d9.iam.gserviceaccount.com&Expires=1741615607&Signature=sGpEjlid81GkKMp5geiAij0zuIITBhfGyInwQExE0r%2BYwR4kKPSQFqpQuOdnBUQW44cZKp1%2FOsDlAco0qnrzmO%2BorPts2Z9A9TkPlAmqb7VWfszMZqpVtKDvC%2Fxljvq%2BmEHAHyjQL03VB7kGpOCp%2FeuN2QoA6p8Rn0mIjSAOe3zK3SDyAE1MEWXnClRRQN41sf3ozfEcCHExHN0CIhmjGsB1JmWR0kSBwDPQZrJ2VtQIzHlCqb7YBRD8J42HQOvmkveaA94voc0%2FtDaNcglk5rx%2FJbPN%2F%2FjP1uofl9jc%2FjHPO391Vdhlj0QG7JsUU6tQSLeAzGPYsktN9ZdL2fnPgQ%3D%3D",
    "datasetDescription": "mkt_synthetic dataset description",
    "datasetName": "mkt_synthetic",
    "firebaseDatasetID": "jloUpYvlndz8Of1NQv1M",
    "publishDate": "11/17/2023, 2:03:21 PM",
    "size": "small"
  },
  "columns": [
    {
      "columnDescription": "Conversion Status: Indicates whether the visitor completed a desired action or goal on the website (e.g., true for conversion, false for non-conversion).",
      "columnName": "converted",
      "annotations": [
        {
          "shortcut": "conversion",
          "name": "Conversion",
          "description": "A conversion represents the successful completion of a predefined goal or desired action. It is a significant outcome that signifies positive user engagement and aligns with the objectives of a business, website, or marketing campaign.",
          "id": "bed6d944-88e6-4193-9fc7-1cf111487237",
          "related_to": [
            {
              "shortcut": "kpi",
              "name": "KPI",
              "description": "Key Performance Indicator (KPI) is a measurable value that indicates the effectiveness and success of an organization, business process, or specific activity. KPIs are used to evaluate performance against strategic goals and objectives.",
              "id": "aecd8bb6-b7ac-42a4-ac24-013c4d24fbd5",
              "related_to": [
                {
                  "shortcut": "marketing",
                  "name": "Marketing",
                  "description": "Marketing is the process of identifying customers and \"creating, communicating, delivering, and exchanging\" goods and services for the satisfaction and retention of those customers. It is one of the primary components of business management and commerce.",
                  "id": "e3b1b710-0d64-496b-964a-0ac6f97317d9",
                  "related_to": []
                }
              ]
            }
          ]
        },
        {
          "shortcut": "conversion_rate_analysis",
          "name": "Conversion Rate Analysis",
          "description": "Conversion Rate Analysis involves evaluating the relationship between \"Converted\" events and timestamps. It aims to calculate conversion rates, providing insights into how effectively campaigns perform and how user interactions vary over different time periods.",
          "id": "30217443-c6db-4f67-9e67-8d0ca94840c4",
          "related_to": [
            {
              "shortcut": "user_behavior",
              "name": "User Behavior",
              "description": "User Behavior analysis delves into the actions and interactions of users. It is a crucial component of Conversion Rate Analysis, providing insights into user engagement patterns and conversion triggers.",
              "id": "6531c8ed-a185-43f4-96e4-db0aa618c97d",
              "related_to": [
                {
                  "shortcut": "performance_metrics",
                  "name": "Performance Metrics",
                  "description": "Performance Metrics encompass a range of key indicators, including user behavior metrics and conversion rates. They provide a comprehensive view of the effectiveness of strategies and user satisfaction.",
                  "id": "eeb88c64-279e-47ba-8c35-fd239e3d275a",
                  "related_to": [
                    {
                      "shortcut": "metric",
                      "name": "Metric",
                      "description": "A metric is a quantifiable measure used for assessing, comparing, and tracking performance.",
                      "id": "0d476f14-001b-49c9-8231-03229a81b8ae",
                      "related_to": [
                        {
                          "shortcut": "marketing",
                          "name": "Marketing",
                          "description": "Marketing is the process of identifying customers and \"creating, communicating, delivering, and exchanging\" goods and services for the satisfaction and retention of those customers. It is one of the primary components of business management and commerce.",
                          "id": "e3b1b710-0d64-496b-964a-0ac6f97317d9",
                          "related_to": []
                        }
                      ]
                    }
                  ]
                }
              ]
            }
          ]
        },
        {
          "shortcut": "flag",
          "name": "Flag",
          "description": "In data representation, a flag is a binary marker used to indicate the presence (true) or absence (false) of a specific condition or state. Flags are commonly employed to signify the completion or non-completion of a particular task or event.",
          "id": "4d230c7e-daf4-4111-b808-c6060536f1e8",
          "related_to": []
        }
      ]
    },
    {
      "columnDescription": "Cost of Click: The monetary cost incurred for each click associated with the marketing campaign or source that brought the visitor to the website.",
      "columnName": "cost_of_click",
      "annotations": [
        {
          "shortcut": "cost_per_click",
          "name": "Cost Per Click",
          "description": "Cost Per Click (CPC) is a financial metric in marketing. It measures the cost an advertiser pays for each click on their advertisement.",
          "id": "65ade3c6-9af2-43cd-a732-2ecfe5932f3c",
          "related_to": [
            {
              "shortcut": "financial_metric",
              "name": "Financial Metric",
              "description": "A financial metric is a quantifiable measure used to assess the financial health and performance of a business.",
              "id": "95fc967d-7454-4ced-b3e5-b836fb856473",
              "related_to": [
                {
                  "shortcut": "metric",
                  "name": "Metric",
                  "description": "A metric is a quantifiable measure used for assessing, comparing, and tracking performance.",
                  "id": "0d476f14-001b-49c9-8231-03229a81b8ae",
                  "related_to": [
                    {
                      "shortcut": "marketing",
                      "name": "Marketing",
                      "description": "Marketing is the process of identifying customers and \"creating, communicating, delivering, and exchanging\" goods and services for the satisfaction and retention of those customers. It is one of the primary components of business management and commerce.",
                      "id": "e3b1b710-0d64-496b-964a-0ac6f97317d9",
                      "related_to": []
                    }
                  ]
                }
              ]
            }
          ]
        }
      ]
    },
    {
      "columnDescription": "Unique Identifier: A unique alphanumeric code assigned to each visitor for identification purposes.",
      "columnName": "uid",
      "annotations": [
        {
          "shortcut": "entity_identifier",
          "name": "Entity Identifier",
          "description": "An entity identifier is a unique reference or key that uniquely identifies an entity in a system or dataset.",
          "id": "dddef883-cf22-4b62-811b-ecfb78b0a159",
          "related_to": []
        },
        {
          "shortcut": "page_view",
          "name": "Page View",
          "description": "A page view refers to a single instance of a user viewing a web page. It is a metric used to measure website or application traffic and engagement.",
          "id": "77b7712d-b08d-4373-ab25-9d57547b6908",
          "related_to": []
        }
      ]
    },
    {
      "columnDescription": "UTM Campaign: The specific marketing campaign or promotion that led to the visit (e.g., \"summer_sale\", \"holiday_promo\").",
      "columnName": "utm_campaign",
      "annotations": [
        {
          "shortcut": "utm_campaign",
          "name": "UTM Campaign",
          "description": "Identifies a specific product promotion or strategic campaign.",
          "id": "67485b26-4c2e-474a-9667-7b1b344930bf",
          "related_to": [
            {
              "shortcut": "utm_parameters",
              "name": "UTM Parameters",
              "description": "Urchin Tracking Module (UTM) parameters used by marketers to track the effectiveness of online marketing campaigns.",
              "id": "3f9012f6-f2ff-48d1-a731-859bbb168e8c",
              "related_to": [
                {
                  "shortcut": "marketing",
                  "name": "Marketing",
                  "description": "Marketing is the process of identifying customers and \"creating, communicating, delivering, and exchanging\" goods and services for the satisfaction and retention of those customers. It is one of the primary components of business management and commerce.",
                  "id": "e3b1b710-0d64-496b-964a-0ac6f97317d9",
                  "related_to": []
                }
              ]
            }
          ]
        }
      ]
    },
    {
      "columnDescription": "UTM Medium: The general category of the marketing medium that brought the visitor to the website (e.g., \"email\", \"cpc\").",
      "columnName": "utm_medium",
      "annotations": [
        {
          "shortcut": "utm_medium",
          "name": "UTM Medium",
          "description": "Identifies what type of link was used, such as cost per click or email.",
          "id": "92cb77f1-9d73-4796-807c-c2a1b988a694",
          "related_to": [
            {
              "shortcut": "utm_parameters",
              "name": "UTM Parameters",
              "description": "Urchin Tracking Module (UTM) parameters used by marketers to track the effectiveness of online marketing campaigns.",
              "id": "3f9012f6-f2ff-48d1-a731-859bbb168e8c",
              "related_to": [
                {
                  "shortcut": "marketing",
                  "name": "Marketing",
                  "description": "Marketing is the process of identifying customers and \"creating, communicating, delivering, and exchanging\" goods and services for the satisfaction and retention of those customers. It is one of the primary components of business management and commerce.",
                  "id": "e3b1b710-0d64-496b-964a-0ac6f97317d9",
                  "related_to": []
                }
              ]
            }
          ]
        }
      ]
    },
    {
      "columnDescription": "UTM Source: The specific source that directed the visitor to the website, often used in UTM parameters for tracking marketing efforts (e.g., \"facebook\", \"google\").",
      "columnName": "utm_source",
      "annotations": [
        {
          "shortcut": "utm_source",
          "name": "UTM Source",
          "description": "Identifies which site sent the traffic (required parameter).",
          "id": "96dde0c9-8c4f-41de-bad6-2d52bbcf960f",
          "related_to": [
            {
              "shortcut": "utm_parameters",
              "name": "UTM Parameters",
              "description": "Urchin Tracking Module (UTM) parameters used by marketers to track the effectiveness of online marketing campaigns.",
              "id": "3f9012f6-f2ff-48d1-a731-859bbb168e8c",
              "related_to": [
                {
                  "shortcut": "marketing",
                  "name": "Marketing",
                  "description": "Marketing is the process of identifying customers and \"creating, communicating, delivering, and exchanging\" goods and services for the satisfaction and retention of those customers. It is one of the primary components of business management and commerce.",
                  "id": "e3b1b710-0d64-496b-964a-0ac6f97317d9",
                  "related_to": []
                }
              ]
            }
          ]
        }
      ]
    },
    {
      "columnDescription": "Visit Date: The date when the visitor accessed the website or platform.",
      "columnName": "visit_date",
      "annotations": [
        {
          "shortcut": "conversion_rate_analysis",
          "name": "Conversion Rate Analysis",
          "description": "Conversion Rate Analysis involves evaluating the relationship between \"Converted\" events and timestamps. It aims to calculate conversion rates, providing insights into how effectively campaigns perform and how user interactions vary over different time periods.",
          "id": "30217443-c6db-4f67-9e67-8d0ca94840c4",
          "related_to": [
            {
              "shortcut": "user_behavior",
              "name": "User Behavior",
              "description": "User Behavior analysis delves into the actions and interactions of users. It is a crucial component of Conversion Rate Analysis, providing insights into user engagement patterns and conversion triggers.",
              "id": "6531c8ed-a185-43f4-96e4-db0aa618c97d",
              "related_to": [
                {
                  "shortcut": "performance_metrics",
                  "name": "Performance Metrics",
                  "description": "Performance Metrics encompass a range of key indicators, including user behavior metrics and conversion rates. They provide a comprehensive view of the effectiveness of strategies and user satisfaction.",
                  "id": "eeb88c64-279e-47ba-8c35-fd239e3d275a",
                  "related_to": [
                    {
                      "shortcut": "metric",
                      "name": "Metric",
                      "description": "A metric is a quantifiable measure used for assessing, comparing, and tracking performance.",
                      "id": "0d476f14-001b-49c9-8231-03229a81b8ae",
                      "related_to": [
                        {
                          "shortcut": "marketing",
                          "name": "Marketing",
                          "description": "Marketing is the process of identifying customers and \"creating, communicating, delivering, and exchanging\" goods and services for the satisfaction and retention of those customers. It is one of the primary components of business management and commerce.",
                          "id": "e3b1b710-0d64-496b-964a-0ac6f97317d9",
                          "related_to": []
                        }
                      ]
                    }
                  ]
                }
              ]
            }
          ]
        },
        {
          "shortcut": "created_at",
          "name": "Created At",
          "description": "The date and time when an entity or record was created.",
          "id": "a8ec5bbb-91a4-4764-9b3e-85e3048be233",
          "related_to": [
            {
              "shortcut": "date",
              "name": "Date",
              "description": "A date represents a specific point in time, typically expressed in the format YYYY-MM-DD. Dates are used to track and reference events, schedules, and durations.",
              "id": "81ba4f8a-c812-4d4e-a171-a6d8e6e0a0d7",
              "related_to": []
            }
          ]
        },
        {
          "shortcut": "deleted_at",
          "name": "Deleted At",
          "description": "The date and time when an entity or record was soft-deleted or marked as deleted.",
          "id": "9553e757-c6fd-40b8-8c67-d33645a9ed36",
          "related_to": [
            {
              "shortcut": "date",
              "name": "Date",
              "description": "A date represents a specific point in time, typically expressed in the format YYYY-MM-DD. Dates are used to track and reference events, schedules, and durations.",
              "id": "81ba4f8a-c812-4d4e-a171-a6d8e6e0a0d7",
              "related_to": []
            }
          ]
        },
        {
          "shortcut": "updated_at",
          "name": "Updated At",
          "description": "The date and time when an entity or record was last updated.",
          "id": "65165a93-0b8d-4b8a-859a-d00998bf6646",
          "related_to": [
            {
              "shortcut": "date",
              "name": "Date",
              "description": "A date represents a specific point in time, typically expressed in the format YYYY-MM-DD. Dates are used to track and reference events, schedules, and durations.",
              "id": "81ba4f8a-c812-4d4e-a171-a6d8e6e0a0d7",
              "related_to": []
            }
          ]
        }
      ]
    }
  ]
}