{
  "hosting": {
    "public": "dist",
    "ignore": [
      "firebase.json",
      "**/.*",
      "**/node_modules/**",
      "vite.config.ts",
      "tsconfig.node.json",
      "tsconfig.json",
      "tsconfig.app.json",
      "tailwind.config.js",
      "postcss.config.js",
      "README.md",
      ".prettierrc.json",
      ".gitignore",
      ".firebaserc",
      ".eslintrc.cjs",
      ".env.prod.paid",
      ".env.prod.free",
      ".env.emulator",
      ".env.dev",
      ".env",
      "src",
      "public",
      "node_modules",
      "dist",
      ".vscode",
      ".firebase"
    ],
    "rewrites": [
      {
        "source": "**",
        "destination": "/index.html"
      }
    ]
  }
}