{
	"info": {
		"_postman_id": "f8a46967-3fdb-4ec0-8d96-7f388593d9a6",
		"name": "diploma-thesis",
		"schema": "https://schema.getpostman.com/json/collection/v2.1.0/collection.json",
		"_exporter_id": "14763343"
	},
	"item": [
		{
			"name": "emulator",
			"item": [
				{
					"name": "annotation",
					"item": [
						{
							"name": "annotation/getAnnotations",
							"protocolProfileBehavior": {
								"disableBodyPruning": true
							},
							"request": {
								"method": "GET",
								"header": [
									{
										"key": "Authorization",
										"value": "{{firebaseToken}}",
										"type": "text"
									}
								],
								"body": {
									"mode": "raw",
									"raw": "",
									"options": {
										"raw": {
											"language": "json"
										}
									}
								},
								"url": {
									"raw": "http://127.0.0.1:5001/diploma-thesis-project-c46d9/europe-west3/AnnotationService/annotation/getAnnotations",
									"protocol": "http",
									"host": [
										"127",
										"0",
										"0",
										"1"
									],
									"port": "5001",
									"path": [
										"diploma-thesis-project-c46d9",
										"europe-west3",
										"AnnotationService",
										"annotation",
										"getAnnotations"
									]
								}
							},
							"response": []
						},
						{
							"name": "annotation/createAnnotation",
							"request": {
								"method": "POST",
								"header": [
									{
										"key": "Authorization",
										"value": "{{firebaseToken}}",
										"type": "text"
									}
								],
								"body": {
									"mode": "raw",
									"raw": "{\r\n    \"firebaseUserUID\": \"w4stJpoiKYaH31FdifH1Ql6yOCK2\",\r\n    \"name\": \"Date\",\r\n    \"shortcut\": \"date\",\r\n    \"description\": \"A date represents a specific point in time, typically expressed in the format YYYY-MM-DD. Dates are used to track and reference events, schedules, and durations.\",\r\n    \"relatedTo\": null,\r\n    \"createdAt\": \"2023-12-20T13:14:26.358Z\"\r\n}",
									"options": {
										"raw": {
											"language": "json"
										}
									}
								},
								"url": {
									"raw": "http://127.0.0.1:5001/diploma-thesis-project-c46d9/europe-west3/AnnotationService/annotation/createAnnotation",
									"protocol": "http",
									"host": [
										"127",
										"0",
										"0",
										"1"
									],
									"port": "5001",
									"path": [
										"diploma-thesis-project-c46d9",
										"europe-west3",
										"AnnotationService",
										"annotation",
										"createAnnotation"
									]
								}
							},
							"response": []
						},
						{
							"name": "annotation/createAnnotation",
							"request": {
								"method": "POST",
								"header": [
									{
										"key": "Authorization",
										"value": "{{firebaseToken}}",
										"type": "text"
									}
								],
								"body": {
									"mode": "raw",
									"raw": "{\r\n    \"firebaseUserUID\": \"w4stJpoiKYaH31FdifH1Ql6yOCK2\",\r\n    \"name\": \"Created At\",\r\n    \"shortcut\": \"created_at\",\r\n    \"description\": \"The date and time when an entity or record was created.\",\r\n    \"relatedTo\": null,\r\n    \"createdAt\": \"2023-12-20T13:14:26.358Z\"\r\n}",
									"options": {
										"raw": {
											"language": "json"
										}
									}
								},
								"url": {
									"raw": "http://127.0.0.1:5001/diploma-thesis-project-c46d9/europe-west3/AnnotationService/annotation/createAnnotation",
									"protocol": "http",
									"host": [
										"127",
										"0",
										"0",
										"1"
									],
									"port": "5001",
									"path": [
										"diploma-thesis-project-c46d9",
										"europe-west3",
										"AnnotationService",
										"annotation",
										"createAnnotation"
									]
								}
							},
							"response": []
						},
						{
							"name": "annotation/createAnnotation",
							"request": {
								"method": "POST",
								"header": [
									{
										"key": "Authorization",
										"value": "{{firebaseToken}}",
										"type": "text"
									}
								],
								"body": {
									"mode": "raw",
									"raw": "{\r\n    \"firebaseUserUID\": \"w4stJpoiKYaH31FdifH1Ql6yOCK2\",\r\n    \"name\": \"Created At\",\r\n    \"shortcut\": \"created_at\",\r\n    \"description\": \"The date and time when an entity or record was created.\",\r\n    \"relatedTo\": \"1c3bde03-802d-400a-8400-762139209c10\",\r\n    \"createdAt\": \"2023-12-20T13:14:26.358Z\"\r\n}",
									"options": {
										"raw": {
											"language": "json"
										}
									}
								},
								"url": {
									"raw": "http://127.0.0.1:5001/diploma-thesis-project-c46d9/europe-west3/AnnotationService/annotation/createAnnotation",
									"protocol": "http",
									"host": [
										"127",
										"0",
										"0",
										"1"
									],
									"port": "5001",
									"path": [
										"diploma-thesis-project-c46d9",
										"europe-west3",
										"AnnotationService",
										"annotation",
										"createAnnotation"
									]
								}
							},
							"response": []
						},
						{
							"name": "annotation/getAnnotationsSuggestions",
							"request": {
								"method": "POST",
								"header": [
									{
										"key": "Authorization",
										"value": "{{firebaseToken}}",
										"type": "text"
									}
								],
								"body": {
									"mode": "raw",
									"raw": "{\r\n    \"columnsForAnnotationsSuggestionsArray\": [\r\n        \"country\",\r\n        \"age\",\r\n        \"new_user\",\r\n        \"source\",\r\n        \"total_pages_visited\",\r\n        \"converted\"\r\n    ],\r\n    \"id\": \"uxwlXEiVAE0waBhFC5VS\"\r\n}",
									"options": {
										"raw": {
											"language": "json"
										}
									}
								},
								"url": {
									"raw": "http://127.0.0.1:5001/diploma-thesis-project-c46d9/europe-west3/AnnotationService/annotation/getAnnotationsSuggestions",
									"protocol": "http",
									"host": [
										"127",
										"0",
										"0",
										"1"
									],
									"port": "5001",
									"path": [
										"diploma-thesis-project-c46d9",
										"europe-west3",
										"AnnotationService",
										"annotation",
										"getAnnotationsSuggestions"
									]
								}
							},
							"response": []
						},
						{
							"name": "annotation/deleteAnnotation",
							"request": {
								"method": "DELETE",
								"header": [
									{
										"key": "Authorization",
										"value": "{{firebaseToken}}",
										"type": "text"
									}
								],
								"body": {
									"mode": "raw",
									"raw": "",
									"options": {
										"raw": {
											"language": "json"
										}
									}
								},
								"url": {
									"raw": "http://127.0.0.1:5001/diploma-thesis-project-c46d9/europe-west3/AnnotationService/annotation/deleteAnnotation/3dc1b479-cf69-4503-b4ae-27cd80ec30eb",
									"protocol": "http",
									"host": [
										"127",
										"0",
										"0",
										"1"
									],
									"port": "5001",
									"path": [
										"diploma-thesis-project-c46d9",
										"europe-west3",
										"AnnotationService",
										"annotation",
										"deleteAnnotation",
										"3dc1b479-cf69-4503-b4ae-27cd80ec30eb"
									]
								}
							},
							"response": []
						},
						{
							"name": "annotation/connectAnnotations",
							"request": {
								"method": "POST",
								"header": [
									{
										"key": "Authorization",
										"value": "{{firebaseToken}}",
										"type": "text"
									}
								],
								"body": {
									"mode": "raw",
									"raw": "{\r\n    \"annotationParent\": \"610a3182-73d6-49e7-8d1f-244257ec9605\",\r\n    \"annotationChild\": \"b1177f47-c694-45a5-b419-5f89b6f00ade\"\r\n}",
									"options": {
										"raw": {
											"language": "json"
										}
									}
								},
								"url": {
									"raw": "http://127.0.0.1:5001/diploma-thesis-project-c46d9/europe-west3/AnnotationService/annotation/connectAnnotations",
									"protocol": "http",
									"host": [
										"127",
										"0",
										"0",
										"1"
									],
									"port": "5001",
									"path": [
										"diploma-thesis-project-c46d9",
										"europe-west3",
										"AnnotationService",
										"annotation",
										"connectAnnotations"
									]
								}
							},
							"response": []
						},
						{
							"name": "annotation/getColumnAnnotations",
							"protocolProfileBehavior": {
								"disableBodyPruning": true
							},
							"request": {
								"method": "GET",
								"header": [
									{
										"key": "Authorization",
										"value": "{{firebaseToken}}",
										"type": "text"
									}
								],
								"body": {
									"mode": "raw",
									"raw": "",
									"options": {
										"raw": {
											"language": "json"
										}
									}
								},
								"url": {
									"raw": "http://127.0.0.1:5001/diploma-thesis-project-c46d9/europe-west3/AnnotationService/annotation/getColumnsAnnotations?datasetId=jloUpYvlndz8Of1NQv1M",
									"protocol": "http",
									"host": [
										"127",
										"0",
										"0",
										"1"
									],
									"port": "5001",
									"path": [
										"diploma-thesis-project-c46d9",
										"europe-west3",
										"AnnotationService",
										"annotation",
										"getColumnsAnnotations"
									],
									"query": [
										{
											"key": "datasetId",
											"value": "jloUpYvlndz8Of1NQv1M"
										}
									]
								}
							},
							"response": []
						},
						{
							"name": "annotation/annotateColumn",
							"request": {
								"method": "POST",
								"header": [
									{
										"key": "Authorization",
										"value": "{{firebaseToken}}",
										"type": "text"
									}
								],
								"body": {
									"mode": "raw",
									"raw": "{\r\n    \"firebaseDatasetID\": \"jloUpYvlndz8Of1NQv1M\",\r\n    \"columns\": [\r\n        {\r\n            \"columnName\": \"uid\",\r\n            \"selectedAnnotationId\": null\r\n        },\r\n        {\r\n            \"columnName\": \"visit_date\",\r\n            \"selectedAnnotationId\": \"030b4477-e531-4a3c-a40d-96ec4846cae4\"\r\n        },\r\n        {\r\n            \"columnName\": \"utm_source\",\r\n            \"selectedAnnotationId\": null\r\n        },\r\n        {\r\n            \"columnName\": \"utm_medium\",\r\n            \"selectedAnnotationId\": null\r\n        },\r\n        {\r\n            \"columnName\": \"utm_campaign\",\r\n            \"selectedAnnotationId\": \"202bfd05-805c-47b3-8f15-f62c163248fd\"\r\n        },\r\n        {\r\n            \"columnName\": \"converted\",\r\n            \"selectedAnnotationId\": \"030b4477-e531-4a3c-a40d-96ec4846cae4\"\r\n        },\r\n        {\r\n            \"columnName\": \"cost_of_click\",\r\n            \"selectedAnnotationId\": null\r\n        }\r\n    ]\r\n}",
									"options": {
										"raw": {
											"language": "json"
										}
									}
								},
								"url": {
									"raw": "http://127.0.0.1:5001/diploma-thesis-project-c46d9/europe-west3/AnnotationService/annotation/annotateColumn",
									"protocol": "http",
									"host": [
										"127",
										"0",
										"0",
										"1"
									],
									"port": "5001",
									"path": [
										"diploma-thesis-project-c46d9",
										"europe-west3",
										"AnnotationService",
										"annotation",
										"annotateColumn"
									]
								}
							},
							"response": []
						},
						{
							"name": "annotation/getExport",
							"request": {
								"method": "GET",
								"header": [
									{
										"key": "Authorization",
										"value": "{{firebaseToken}}",
										"type": "text"
									}
								],
								"url": {
									"raw": "http://127.0.0.1:5001/diploma-thesis-project-c46d9/europe-west3/AnnotationService/annotation/getExport/jloUpYvlndz8Of1NQv1M",
									"protocol": "http",
									"host": [
										"127",
										"0",
										"0",
										"1"
									],
									"port": "5001",
									"path": [
										"diploma-thesis-project-c46d9",
										"europe-west3",
										"AnnotationService",
										"annotation",
										"getExport",
										"jloUpYvlndz8Of1NQv1M"
									]
								}
							},
							"response": []
						},
						{
							"name": "annotation/postImport",
							"request": {
								"method": "POST",
								"header": [
									{
										"key": "Authorization",
										"value": "{{firebaseToken}}",
										"type": "text"
									},
									{
										"warning": "This is a duplicate header and will be overridden by the Content-Type header generated by Postman.",
										"key": "Content-Type",
										"value": "multipart/form-data",
										"type": "text"
									}
								],
								"body": {
									"mode": "formdata",
									"formdata": [
										{
											"key": "csvFile",
											"type": "file",
											"src": "/D:/Skola/10 Semester/Diplomová práca/diploma-thesis/datasets/import/mkt_synthetic.csv"
										},
										{
											"key": "jsonFile",
											"type": "file",
											"src": "/D:/Skola/10 Semester/Diplomová práca/diploma-thesis/datasets/import/mkt_synthetic.json"
										}
									]
								},
								"url": {
									"raw": "http://127.0.0.1:5001/diploma-thesis-project-c46d9/europe-west3/AnnotationService/annotation/postImport",
									"protocol": "http",
									"host": [
										"127",
										"0",
										"0",
										"1"
									],
									"port": "5001",
									"path": [
										"diploma-thesis-project-c46d9",
										"europe-west3",
										"AnnotationService",
										"annotation",
										"postImport"
									]
								}
							},
							"response": []
						}
					]
				},
				{
					"name": "column",
					"item": [
						{
							"name": "column/getColumnDescription",
							"request": {
								"method": "GET",
								"header": [
									{
										"key": "Authorization",
										"value": "{{firebaseToken}}",
										"type": "text"
									}
								],
								"url": {
									"raw": "http://127.0.0.1:5001/diploma-thesis-project-c46d9/europe-west3/ColumnService/column/getColumnsDescriptions?datasetId=jloUpYvlndz8Of1NQv1M",
									"protocol": "http",
									"host": [
										"127",
										"0",
										"0",
										"1"
									],
									"port": "5001",
									"path": [
										"diploma-thesis-project-c46d9",
										"europe-west3",
										"ColumnService",
										"column",
										"getColumnsDescriptions"
									],
									"query": [
										{
											"key": "datasetId",
											"value": "jloUpYvlndz8Of1NQv1M"
										}
									]
								}
							},
							"response": []
						},
						{
							"name": "column/updateOrCreate",
							"request": {
								"method": "POST",
								"header": [
									{
										"key": "Authorization",
										"value": "{{firebaseToken}}",
										"type": "text"
									}
								],
								"body": {
									"mode": "raw",
									"raw": "{\r\n    \"firebaseDatasetID\": \"jloUpYvlndz8Of1NQv1M\",\r\n    \"columns\": [\r\n        {\r\n            \"columnName\": \"uid\",\r\n            \"columnDescription\": \"Unique Identifier: A unique alphanumeric code assigned to each visitor for identification purposes.\"\r\n        },\r\n        {\r\n            \"columnName\": \"visit_date\",\r\n            \"columnDescription\": \"Visit Date: The date when the visitor accessed the website or platform.\"\r\n        },\r\n        {\r\n            \"columnName\": \"utm_source\",\r\n            \"columnDescription\": \"UTM Source: The specific source that directed the visitor to the website, often used in UTM parameters for tracking marketing efforts (e.g., \\\"facebook\\\", \\\"google\\\").\"\r\n        },\r\n        {\r\n            \"columnName\": \"utm_medium\",\r\n            \"columnDescription\": \"UTM Medium: The general category of the marketing medium that brought the visitor to the website (e.g., \\\"email\\\", \\\"cpc\\\").\"\r\n        },\r\n        {\r\n            \"columnName\": \"utm_campaign\",\r\n            \"columnDescription\": \"UTM Campaign: The specific marketing campaign or promotion that led to the visit (e.g., \\\"summer_sale\\\", \\\"holiday_promo\\\").\"\r\n        },\r\n        {\r\n            \"columnName\": \"converted\",\r\n            \"columnDescription\": \"Conversion Status: Indicates whether the visitor completed a desired action or goal on the website (e.g., true for conversion, false for non-conversion).\"\r\n        },\r\n        {\r\n            \"columnName\": \"cost_of_click\",\r\n            \"columnDescription\": \"Cost of Click: The monetary cost incurred for each click associated with the marketing campaign or source that brought the visitor to the website.\"\r\n        }\r\n    ]\r\n}",
									"options": {
										"raw": {
											"language": "json"
										}
									}
								},
								"url": {
									"raw": "http://127.0.0.1:5001/diploma-thesis-project-c46d9/europe-west3/ColumnService/column/updateOrCreate",
									"protocol": "http",
									"host": [
										"127",
										"0",
										"0",
										"1"
									],
									"port": "5001",
									"path": [
										"diploma-thesis-project-c46d9",
										"europe-west3",
										"ColumnService",
										"column",
										"updateOrCreate"
									]
								}
							},
							"response": []
						}
					]
				},
				{
					"name": "dataset",
					"item": [
						{
							"name": "dataset/createDataset",
							"request": {
								"method": "POST",
								"header": [
									{
										"key": "Authorization",
										"value": "{{firebaseToken}}",
										"type": "text"
									}
								],
								"body": {
									"mode": "raw",
									"raw": "{\r\n    \"datasetName\": \"mkt_synthetic\",\r\n    \"firebaseUserUID\": \"Ie5t2qemhi3uAXyoKDg6\",\r\n    \"firebaseDatasetID\": \"jloUpYvlndz8Of1NQv1M\"\r\n}",
									"options": {
										"raw": {
											"language": "json"
										}
									}
								},
								"url": {
									"raw": "http://127.0.0.1:5001/diploma-thesis-project-c46d9/europe-west3/DatasetService/dataset/createDataset",
									"protocol": "http",
									"host": [
										"127",
										"0",
										"0",
										"1"
									],
									"port": "5001",
									"path": [
										"diploma-thesis-project-c46d9",
										"europe-west3",
										"DatasetService",
										"dataset",
										"createDataset"
									]
								}
							},
							"response": []
						},
						{
							"name": "dataset/getDatasetDescription",
							"request": {
								"method": "GET",
								"header": [
									{
										"key": "Authorization",
										"value": "{{firebaseToken}}",
										"type": "text"
									}
								],
								"url": {
									"raw": "http://127.0.0.1:5001/diploma-thesis-project-c46d9/europe-west3/DatasetService/dataset/getDatasetDescription/jloUpYvlndz8Of1NQv1M",
									"protocol": "http",
									"host": [
										"127",
										"0",
										"0",
										"1"
									],
									"port": "5001",
									"path": [
										"diploma-thesis-project-c46d9",
										"europe-west3",
										"DatasetService",
										"dataset",
										"getDatasetDescription",
										"jloUpYvlndz8Of1NQv1M"
									]
								}
							},
							"response": []
						},
						{
							"name": "dataset/updateDatasetDescription",
							"request": {
								"method": "POST",
								"header": [
									{
										"key": "Authorization",
										"value": "{{firebaseToken}}",
										"type": "text"
									}
								],
								"body": {
									"mode": "raw",
									"raw": "{\r\n    \"datasetDescription\": \"mkt_synthetic dataset description\",\r\n    \"id\": \"jloUpYvlndz8Of1NQv1M\"\r\n}",
									"options": {
										"raw": {
											"language": "json"
										}
									}
								},
								"url": {
									"raw": "http://127.0.0.1:5001/diploma-thesis-project-c46d9/europe-west3/DatasetService/dataset/updateDatasetDescription",
									"protocol": "http",
									"host": [
										"127",
										"0",
										"0",
										"1"
									],
									"port": "5001",
									"path": [
										"diploma-thesis-project-c46d9",
										"europe-west3",
										"DatasetService",
										"dataset",
										"updateDatasetDescription"
									]
								}
							},
							"response": []
						},
						{
							"name": "dataset/deleteDataset",
							"request": {
								"method": "POST",
								"header": [
									{
										"key": "Authorization",
										"value": "{{firebaseToken}}",
										"type": "text"
									}
								],
								"body": {
									"mode": "raw",
									"raw": "[\r\n    {\r\n        \"id\": \"jloUpYvlndz8Of1NQv1M\",\r\n        \"size\": \"small\",\r\n        \"datasetName\": \"mkt_synthetic\",\r\n        \"authorUID\": \"xqcO5YrSc1gb6bf9rVF41Rwz30s2\",\r\n        \"authorName\": \"admin@gmail.com\",\r\n        \"publishDate\": \"2023-11-17T13:03:21.000Z\",\r\n        \"csvFileUrl\": \"https://firebasestorage.googleapis.com/v0/b/diploma-thesis-project-c46d9.appspot.com/o/csvFiles%2Fmkt_synthetic.csv?alt=media&amp;token=50af61d2-08f1-4a80-a17f-4dbc763b1ed6\"\r\n    }\r\n]",
									"options": {
										"raw": {
											"language": "json"
										}
									}
								},
								"url": {
									"raw": "http://127.0.0.1:5001/diploma-thesis-project-c46d9/europe-west3/DatasetService/dataset/deleteDatasets",
									"protocol": "http",
									"host": [
										"127",
										"0",
										"0",
										"1"
									],
									"port": "5001",
									"path": [
										"diploma-thesis-project-c46d9",
										"europe-west3",
										"DatasetService",
										"dataset",
										"deleteDatasets"
									]
								}
							},
							"response": []
						},
						{
							"name": "dataset/renameDataset",
							"request": {
								"method": "POST",
								"header": [
									{
										"key": "Authorization",
										"value": "{{firebaseToken}}",
										"type": "text"
									}
								],
								"body": {
									"mode": "raw",
									"raw": "{\r\n    \"firebaseDatasetID\": \"jloUpYvlndz8Of1NQv1M\",\r\n    \"datasetName\": \"zmenil som meno\"\r\n}",
									"options": {
										"raw": {
											"language": "json"
										}
									}
								},
								"url": {
									"raw": "http://127.0.0.1:5001/diploma-thesis-project-c46d9/europe-west3/DatasetService/dataset/renameDataset",
									"protocol": "http",
									"host": [
										"127",
										"0",
										"0",
										"1"
									],
									"port": "5001",
									"path": [
										"diploma-thesis-project-c46d9",
										"europe-west3",
										"DatasetService",
										"dataset",
										"renameDataset"
									]
								}
							},
							"response": []
						}
					]
				},
				{
					"name": "firebase",
					"item": [
						{
							"name": "firebase/login",
							"request": {
								"method": "POST",
								"header": [],
								"body": {
									"mode": "raw",
									"raw": "{\r\n    \"email\": \"admin@gmail.com\",\r\n    \"password\": \"admin@gmail.com\",\r\n    \"returnSecureToken\": true\r\n}",
									"options": {
										"raw": {
											"language": "json"
										}
									}
								},
								"url": {
									"raw": "https://identitytoolkit.googleapis.com/v1/accounts:signInWithPassword?key=AIzaSyDY41_EznVxI7Vhpm6jCdg2IVpTntB4zcI",
									"protocol": "https",
									"host": [
										"identitytoolkit",
										"googleapis",
										"com"
									],
									"path": [
										"v1",
										"accounts:signInWithPassword"
									],
									"query": [
										{
											"key": "key",
											"value": "AIzaSyDY41_EznVxI7Vhpm6jCdg2IVpTntB4zcI"
										}
									]
								}
							},
							"response": []
						},
						{
							"name": "firebase/register",
							"request": {
								"method": "POST",
								"header": [],
								"body": {
									"mode": "raw",
									"raw": "{\r\n    \"returnSecureToken\": true,\r\n    \"email\": \"register@gmail.com\",\r\n    \"password\": \"register@gmail.com\",\r\n    \"clientType\": \"CLIENT_TYPE_WEB\"\r\n}",
									"options": {
										"raw": {
											"language": "json"
										}
									}
								},
								"url": {
									"raw": "https://identitytoolkit.googleapis.com/v1/accounts:signUp?key=AIzaSyDY41_EznVxI7Vhpm6jCdg2IVpTntB4zcI",
									"protocol": "https",
									"host": [
										"identitytoolkit",
										"googleapis",
										"com"
									],
									"path": [
										"v1",
										"accounts:signUp"
									],
									"query": [
										{
											"key": "key",
											"value": "AIzaSyDY41_EznVxI7Vhpm6jCdg2IVpTntB4zcI"
										}
									]
								}
							},
							"response": []
						},
						{
							"name": "firebase/setUserRole/admin",
							"request": {
								"method": "POST",
								"header": [
									{
										"key": "Authorization",
										"value": "Bearer {{firebaseToken}}",
										"type": "text"
									}
								],
								"body": {
									"mode": "raw",
									"raw": "{\r\n    \"data\": {\r\n        \"uid\": \"w4stJpoiKYaH31FdifH1Ql6yOCK2\",\r\n        \"role\": {\r\n            \"admin\": true\r\n        }\r\n    }\r\n}",
									"options": {
										"raw": {
											"language": "json"
										}
									}
								},
								"url": {
									"raw": "https://europe-west3-diploma-thesis-project-c46d9.cloudfunctions.net/SetUserRole",
									"protocol": "https",
									"host": [
										"europe-west3-diploma-thesis-project-c46d9",
										"cloudfunctions",
										"net"
									],
									"path": [
										"SetUserRole"
									]
								}
							},
							"response": []
						},
						{
							"name": "firebase/setUserRole/user",
							"request": {
								"method": "POST",
								"header": [
									{
										"key": "Authorization",
										"value": "Bearer {{firebaseToken}}",
										"type": "text"
									}
								],
								"body": {
									"mode": "raw",
									"raw": "{\r\n    \"data\": {\r\n        \"uid\": \"w4stJpoiKYaH31FdifH1Ql6yOCK2\",\r\n        \"role\": {\r\n            \"user\": true\r\n        }\r\n    }\r\n}",
									"options": {
										"raw": {
											"language": "json"
										}
									}
								},
								"url": {
									"raw": "https://europe-west3-diploma-thesis-project-c46d9.cloudfunctions.net/SetUserRole",
									"protocol": "https",
									"host": [
										"europe-west3-diploma-thesis-project-c46d9",
										"cloudfunctions",
										"net"
									],
									"path": [
										"SetUserRole"
									]
								}
							},
							"response": []
						}
					]
				},
				{
					"name": "seeder",
					"item": [
						{
							"name": "seeder/seedNeo4jDatabase",
							"protocolProfileBehavior": {
								"disableBodyPruning": true
							},
							"request": {
								"method": "GET",
								"header": [
									{
										"key": "Authorization",
										"value": "{{firebaseToken}}",
										"type": "text"
									}
								],
								"body": {
									"mode": "raw",
									"raw": "",
									"options": {
										"raw": {
											"language": "json"
										}
									}
								},
								"url": {
									"raw": "http://127.0.0.1:5001/diploma-thesis-project-c46d9/europe-west3/SeederService/seedNeo4jDatabase",
									"protocol": "http",
									"host": [
										"127",
										"0",
										"0",
										"1"
									],
									"port": "5001",
									"path": [
										"diploma-thesis-project-c46d9",
										"europe-west3",
										"SeederService",
										"seedNeo4jDatabase"
									]
								}
							},
							"response": []
						},
						{
							"name": "seeder/seedPostgreSQLDatabase",
							"request": {
								"method": "GET",
								"header": [
									{
										"key": "Authorization",
										"value": "{{firebaseToken}}",
										"type": "text"
									}
								],
								"url": {
									"raw": "http://127.0.0.1:5001/diploma-thesis-project-c46d9/europe-west3/SeederService/seedPostgreSQLDatabase",
									"protocol": "http",
									"host": [
										"127",
										"0",
										"0",
										"1"
									],
									"port": "5001",
									"path": [
										"diploma-thesis-project-c46d9",
										"europe-west3",
										"SeederService",
										"seedPostgreSQLDatabase"
									]
								}
							},
							"response": []
						},
						{
							"name": "seeder/testingNeo4j",
							"request": {
								"method": "GET",
								"header": [
									{
										"key": "Authorization",
										"value": "{{firebaseToken}}",
										"type": "text"
									}
								],
								"url": {
									"raw": "http://127.0.0.1:5001/diploma-thesis-project-c46d9/europe-west3/SeederService/testingNeo4j/100",
									"protocol": "http",
									"host": [
										"127",
										"0",
										"0",
										"1"
									],
									"port": "5001",
									"path": [
										"diploma-thesis-project-c46d9",
										"europe-west3",
										"SeederService",
										"testingNeo4j",
										"100"
									]
								}
							},
							"response": []
						},
						{
							"name": "seeder/testingPostgreSQL",
							"request": {
								"method": "GET",
								"header": [
									{
										"key": "Authorization",
										"value": "{{firebaseToken}}",
										"type": "text"
									}
								],
								"url": {
									"raw": "http://127.0.0.1:5001/diploma-thesis-project-c46d9/europe-west3/SeederService/testingPostgreSQL/100",
									"protocol": "http",
									"host": [
										"127",
										"0",
										"0",
										"1"
									],
									"port": "5001",
									"path": [
										"diploma-thesis-project-c46d9",
										"europe-west3",
										"SeederService",
										"testingPostgreSQL",
										"100"
									]
								}
							},
							"response": []
						}
					]
				}
			]
		},
		{
			"name": "API",
			"item": [
				{
					"name": "annotation",
					"item": [
						{
							"name": "annotation/getAnnotations",
							"protocolProfileBehavior": {
								"disableBodyPruning": true
							},
							"request": {
								"method": "GET",
								"header": [
									{
										"key": "Authorization",
										"value": "{{firebaseToken}}",
										"type": "text"
									}
								],
								"body": {
									"mode": "raw",
									"raw": "",
									"options": {
										"raw": {
											"language": "json"
										}
									}
								},
								"url": {
									"raw": "{{api_path}}/annotation/getAnnotations",
									"host": [
										"{{api_path}}"
									],
									"path": [
										"annotation",
										"getAnnotations"
									]
								}
							},
							"response": []
						},
						{
							"name": "annotation/createAnnotation",
							"request": {
								"method": "POST",
								"header": [
									{
										"key": "Authorization",
										"value": "{{firebaseToken}}",
										"type": "text"
									}
								],
								"body": {
									"mode": "raw",
									"raw": "{\r\n    \"firebaseUserUID\": \"w4stJpoiKYaH31FdifH1Ql6yOCK2\",\r\n    \"name\": \"Date\",\r\n    \"shortcut\": \"date\",\r\n    \"description\": \"A date represents a specific point in time, typically expressed in the format YYYY-MM-DD. Dates are used to track and reference events, schedules, and durations.\",\r\n    \"relatedTo\": null,\r\n    \"createdAt\": \"2023-12-20T13:14:26.358Z\"\r\n}",
									"options": {
										"raw": {
											"language": "json"
										}
									}
								},
								"url": {
									"raw": "{{api_path}}/annotation/createAnnotation",
									"host": [
										"{{api_path}}"
									],
									"path": [
										"annotation",
										"createAnnotation"
									]
								}
							},
							"response": []
						},
						{
							"name": "annotation/createAnnotation",
							"request": {
								"method": "POST",
								"header": [
									{
										"key": "Authorization",
										"value": "{{firebaseToken}}",
										"type": "text"
									}
								],
								"body": {
									"mode": "raw",
									"raw": "{\r\n    \"firebaseUserUID\": \"w4stJpoiKYaH31FdifH1Ql6yOCK2\",\r\n    \"name\": \"Created At\",\r\n    \"shortcut\": \"created_at\",\r\n    \"description\": \"The date and time when an entity or record was created.\",\r\n    \"relatedTo\": null,\r\n    \"createdAt\": \"2023-12-20T13:14:26.358Z\"\r\n}",
									"options": {
										"raw": {
											"language": "json"
										}
									}
								},
								"url": {
									"raw": "{{api_path}}/annotation/createAnnotation",
									"host": [
										"{{api_path}}"
									],
									"path": [
										"annotation",
										"createAnnotation"
									]
								}
							},
							"response": []
						},
						{
							"name": "annotation/createAnnotation",
							"request": {
								"method": "POST",
								"header": [
									{
										"key": "Authorization",
										"value": "{{firebaseToken}}",
										"type": "text"
									}
								],
								"body": {
									"mode": "raw",
									"raw": "{\r\n    \"firebaseUserUID\": \"w4stJpoiKYaH31FdifH1Ql6yOCK2\",\r\n    \"name\": \"Created At\",\r\n    \"shortcut\": \"created_at\",\r\n    \"description\": \"The date and time when an entity or record was created.\",\r\n    \"relatedTo\": \"1c3bde03-802d-400a-8400-762139209c10\",\r\n    \"createdAt\": \"2023-12-20T13:14:26.358Z\"\r\n}",
									"options": {
										"raw": {
											"language": "json"
										}
									}
								},
								"url": {
									"raw": "{{api_path}}/annotation/createAnnotation",
									"host": [
										"{{api_path}}"
									],
									"path": [
										"annotation",
										"createAnnotation"
									]
								}
							},
							"response": []
						},
						{
							"name": "annotation/getAnnotationsSuggestions",
							"request": {
								"method": "POST",
								"header": [
									{
										"key": "Authorization",
										"value": "{{firebaseToken}}",
										"type": "text"
									}
								],
								"body": {
									"mode": "raw",
									"raw": "{\r\n    \"columnsForAnnotationsSuggestionsArray\": [\r\n        \"country\",\r\n        \"age\",\r\n        \"new_user\",\r\n        \"source\",\r\n        \"total_pages_visited\",\r\n        \"converted\"\r\n    ],\r\n    \"id\": \"jloUpYvlndz8Of1NQv1M\"\r\n}",
									"options": {
										"raw": {
											"language": "json"
										}
									}
								},
								"url": {
									"raw": "{{api_path}}/annotation/getAnnotationsSuggestions",
									"host": [
										"{{api_path}}"
									],
									"path": [
										"annotation",
										"getAnnotationsSuggestions"
									]
								}
							},
							"response": []
						},
						{
							"name": "annotation/deleteAnnotation",
							"request": {
								"method": "DELETE",
								"header": [
									{
										"key": "Authorization",
										"value": "{{firebaseToken}}",
										"type": "text"
									}
								],
								"body": {
									"mode": "raw",
									"raw": "",
									"options": {
										"raw": {
											"language": "json"
										}
									}
								},
								"url": {
									"raw": "{{api_path}}/annotation/deleteAnnotation/f3c54b25-4ac0-4d1f-81cb-48e912ea0eb7",
									"host": [
										"{{api_path}}"
									],
									"path": [
										"annotation",
										"deleteAnnotation",
										"f3c54b25-4ac0-4d1f-81cb-48e912ea0eb7"
									]
								}
							},
							"response": []
						},
						{
							"name": "annotation/connectAnnotations",
							"request": {
								"method": "POST",
								"header": [
									{
										"key": "Authorization",
										"value": "{{firebaseToken}}",
										"type": "text"
									}
								],
								"body": {
									"mode": "raw",
									"raw": "{\r\n    \"annotationParent\": \"f654ad2b-6b5a-47c8-b369-e7803db5abc9\",\r\n    \"annotationChild\": \"7a4cbaf8-2f8e-457e-9ace-058f1632edf3\"\r\n}",
									"options": {
										"raw": {
											"language": "json"
										}
									}
								},
								"url": {
									"raw": "{{api_path}}/annotation/connectAnnotations",
									"host": [
										"{{api_path}}"
									],
									"path": [
										"annotation",
										"connectAnnotations"
									]
								}
							},
							"response": []
						},
						{
							"name": "annotation/getColumnAnnotations",
							"protocolProfileBehavior": {
								"disableBodyPruning": true
							},
							"request": {
								"method": "GET",
								"header": [
									{
										"key": "Authorization",
										"value": "{{firebaseToken}}",
										"type": "text"
									}
								],
								"body": {
									"mode": "raw",
									"raw": "",
									"options": {
										"raw": {
											"language": "json"
										}
									}
								},
								"url": {
									"raw": "{{api_path}}/annotation/getColumnsAnnotations?datasetId=jloUpYvlndz8Of1NQv1M",
									"host": [
										"{{api_path}}"
									],
									"path": [
										"annotation",
										"getColumnsAnnotations"
									],
									"query": [
										{
											"key": "datasetId",
											"value": "jloUpYvlndz8Of1NQv1M"
										}
									]
								}
							},
							"response": []
						},
						{
							"name": "annotation/annotateColumn",
							"request": {
								"method": "POST",
								"header": [
									{
										"key": "Authorization",
										"value": "{{firebaseToken}}",
										"type": "text"
									}
								],
								"body": {
									"mode": "raw",
									"raw": "{\r\n    \"firebaseDatasetID\": \"jloUpYvlndz8Of1NQv1M\",\r\n    \"columns\": [\r\n        {\r\n            \"columnName\": \"uid\",\r\n            \"selectedAnnotationId\": null\r\n        },\r\n        {\r\n            \"columnName\": \"visit_date\",\r\n            \"selectedAnnotationId\": \"030b4477-e531-4a3c-a40d-96ec4846cae4\"\r\n        },\r\n        {\r\n            \"columnName\": \"utm_source\",\r\n            \"selectedAnnotationId\": null\r\n        },\r\n        {\r\n            \"columnName\": \"utm_medium\",\r\n            \"selectedAnnotationId\": null\r\n        },\r\n        {\r\n            \"columnName\": \"utm_campaign\",\r\n            \"selectedAnnotationId\": \"202bfd05-805c-47b3-8f15-f62c163248fd\"\r\n        },\r\n        {\r\n            \"columnName\": \"converted\",\r\n            \"selectedAnnotationId\": \"030b4477-e531-4a3c-a40d-96ec4846cae4\"\r\n        },\r\n        {\r\n            \"columnName\": \"cost_of_click\",\r\n            \"selectedAnnotationId\": null\r\n        }\r\n    ]\r\n}",
									"options": {
										"raw": {
											"language": "json"
										}
									}
								},
								"url": {
									"raw": "{{api_path}}/annotation/annotateColumn",
									"host": [
										"{{api_path}}"
									],
									"path": [
										"annotation",
										"annotateColumn"
									]
								}
							},
							"response": []
						},
						{
							"name": "annotation/getExport",
							"request": {
								"method": "GET",
								"header": [
									{
										"key": "Authorization",
										"value": "{{firebaseToken}}",
										"type": "text"
									}
								],
								"url": {
									"raw": "{{api_path}}/annotation/getExport/jloUpYvlndz8Of1NQv1M",
									"host": [
										"{{api_path}}"
									],
									"path": [
										"annotation",
										"getExport",
										"jloUpYvlndz8Of1NQv1M"
									]
								}
							},
							"response": []
						},
						{
							"name": "annotation/postImport",
							"request": {
								"method": "POST",
								"header": [
									{
										"key": "Authorization",
										"value": "{{firebaseToken}}",
										"type": "text"
									},
									{
										"warning": "This is a duplicate header and will be overridden by the Content-Type header generated by Postman.",
										"key": "Content-Type",
										"value": "multipart/form-data",
										"type": "text"
									}
								],
								"body": {
									"mode": "formdata",
									"formdata": [
										{
											"key": "csvFile",
											"type": "file",
											"src": "/D:/Skola/10 Semester/Diplomová práca/diploma-thesis/datasets/import/mkt_synthetic.csv"
										},
										{
											"key": "jsonFile",
											"type": "file",
											"src": "/D:/Skola/10 Semester/Diplomová práca/diploma-thesis/datasets/import/mkt_synthetic.json"
										}
									]
								},
								"url": {
									"raw": "{{api_path}}/annotation/postImport",
									"host": [
										"{{api_path}}"
									],
									"path": [
										"annotation",
										"postImport"
									]
								}
							},
							"response": []
						}
					]
				},
				{
					"name": "column",
					"item": [
						{
							"name": "column/getColumnDescription",
							"request": {
								"method": "GET",
								"header": [
									{
										"key": "Authorization",
										"value": "{{firebaseToken}}",
										"type": "text"
									}
								],
								"url": {
									"raw": "{{api_path}}/column/getColumnsDescriptions?datasetId=jloUpYvlndz8Of1NQv1M",
									"host": [
										"{{api_path}}"
									],
									"path": [
										"column",
										"getColumnsDescriptions"
									],
									"query": [
										{
											"key": "datasetId",
											"value": "jloUpYvlndz8Of1NQv1M"
										}
									]
								}
							},
							"response": []
						},
						{
							"name": "column/updateOrCreate",
							"request": {
								"method": "POST",
								"header": [
									{
										"key": "Authorization",
										"value": "{{firebaseToken}}",
										"type": "text"
									}
								],
								"body": {
									"mode": "raw",
									"raw": "{\r\n    \"firebaseDatasetID\": \"jloUpYvlndz8Of1NQv1M\",\r\n    \"columns\": [\r\n        {\r\n            \"columnName\": \"uid\",\r\n            \"columnDescription\": \"Unique Identifier: A unique alphanumeric code assigned to each visitor for identification purposes.\"\r\n        },\r\n        {\r\n            \"columnName\": \"visit_date\",\r\n            \"columnDescription\": \"Visit Date: The date when the visitor accessed the website or platform.\"\r\n        },\r\n        {\r\n            \"columnName\": \"utm_source\",\r\n            \"columnDescription\": \"UTM Source: The specific source that directed the visitor to the website, often used in UTM parameters for tracking marketing efforts (e.g., \\\"facebook\\\", \\\"google\\\").\"\r\n        },\r\n        {\r\n            \"columnName\": \"utm_medium\",\r\n            \"columnDescription\": \"UTM Medium: The general category of the marketing medium that brought the visitor to the website (e.g., \\\"email\\\", \\\"cpc\\\").\"\r\n        },\r\n        {\r\n            \"columnName\": \"utm_campaign\",\r\n            \"columnDescription\": \"UTM Campaign: The specific marketing campaign or promotion that led to the visit (e.g., \\\"summer_sale\\\", \\\"holiday_promo\\\").\"\r\n        },\r\n        {\r\n            \"columnName\": \"converted\",\r\n            \"columnDescription\": \"Conversion Status: Indicates whether the visitor completed a desired action or goal on the website (e.g., true for conversion, false for non-conversion).\"\r\n        },\r\n        {\r\n            \"columnName\": \"cost_of_click\",\r\n            \"columnDescription\": \"Cost of Click: The monetary cost incurred for each click associated with the marketing campaign or source that brought the visitor to the website.\"\r\n        }\r\n    ]\r\n}",
									"options": {
										"raw": {
											"language": "json"
										}
									}
								},
								"url": {
									"raw": "{{api_path}}/column/updateOrCreate",
									"host": [
										"{{api_path}}"
									],
									"path": [
										"column",
										"updateOrCreate"
									]
								}
							},
							"response": []
						}
					]
				},
				{
					"name": "dataset",
					"item": [
						{
							"name": "dataset/createDataset",
							"request": {
								"method": "POST",
								"header": [
									{
										"key": "Authorization",
										"value": "{{firebaseToken}}",
										"type": "text"
									}
								],
								"body": {
									"mode": "raw",
									"raw": "{\r\n    \"datasetName\": \"mkt_synthetic\",\r\n    \"firebaseUserUID\": \"Ie5t2qemhi3uAXyoKDg6\",\r\n    \"firebaseDatasetID\": \"jloUpYvlndz8Of1NQv1M\"\r\n}",
									"options": {
										"raw": {
											"language": "json"
										}
									}
								},
								"url": {
									"raw": "{{api_path}}/dataset/createDataset",
									"host": [
										"{{api_path}}"
									],
									"path": [
										"dataset",
										"createDataset"
									]
								}
							},
							"response": []
						},
						{
							"name": "dataset/getDatasetDescription",
							"request": {
								"method": "GET",
								"header": [
									{
										"key": "Authorization",
										"value": "{{firebaseToken}}",
										"type": "text"
									}
								],
								"url": {
									"raw": "{{api_path}}/dataset/getDatasetDescription/jloUpYvlndz8Of1NQv1M",
									"host": [
										"{{api_path}}"
									],
									"path": [
										"dataset",
										"getDatasetDescription",
										"jloUpYvlndz8Of1NQv1M"
									]
								}
							},
							"response": []
						},
						{
							"name": "dataset/updateDatasetDescription",
							"request": {
								"method": "POST",
								"header": [
									{
										"key": "Authorization",
										"value": "{{firebaseToken}}",
										"type": "text"
									}
								],
								"body": {
									"mode": "raw",
									"raw": "{\r\n    \"datasetDescription\": \"mkt_synthetic dataset description\",\r\n    \"id\": \"jloUpYvlndz8Of1NQv1M\"\r\n}",
									"options": {
										"raw": {
											"language": "json"
										}
									}
								},
								"url": {
									"raw": "{{api_path}}/dataset/updateDatasetDescription",
									"host": [
										"{{api_path}}"
									],
									"path": [
										"dataset",
										"updateDatasetDescription"
									]
								}
							},
							"response": []
						},
						{
							"name": "dataset/deleteDataset",
							"request": {
								"method": "POST",
								"header": [
									{
										"key": "Authorization",
										"value": "{{firebaseToken}}",
										"type": "text"
									}
								],
								"body": {
									"mode": "raw",
									"raw": "[\r\n    {\r\n        \"id\": \"jloUpYvlndz8Of1NQv1M\",\r\n        \"size\": \"small\",\r\n        \"datasetName\": \"mkt_synthetic\",\r\n        \"authorUID\": \"xqcO5YrSc1gb6bf9rVF41Rwz30s2\",\r\n        \"authorName\": \"admin@gmail.com\",\r\n        \"publishDate\": \"2023-11-17T13:03:21.000Z\",\r\n        \"csvFileUrl\": \"https://firebasestorage.googleapis.com/v0/b/diploma-thesis-project-c46d9.appspot.com/o/csvFiles%2Fmkt_synthetic.csv?alt=media&amp;token=50af61d2-08f1-4a80-a17f-4dbc763b1ed6\"\r\n    }\r\n]",
									"options": {
										"raw": {
											"language": "json"
										}
									}
								},
								"url": {
									"raw": "{{api_path}}/dataset/deleteDatasets",
									"host": [
										"{{api_path}}"
									],
									"path": [
										"dataset",
										"deleteDatasets"
									]
								}
							},
							"response": []
						},
						{
							"name": "dataset/renameDataset",
							"request": {
								"method": "POST",
								"header": [
									{
										"key": "Authorization",
										"value": "{{firebaseToken}}",
										"type": "text"
									}
								],
								"body": {
									"mode": "raw",
									"raw": "{\r\n    \"firebaseDatasetID\": \"jloUpYvlndz8Of1NQv1M\",\r\n    \"datasetName\": \"zmenil som meno\"\r\n}",
									"options": {
										"raw": {
											"language": "json"
										}
									}
								},
								"url": {
									"raw": "{{api_path}}/dataset/renameDataset",
									"host": [
										"{{api_path}}"
									],
									"path": [
										"dataset",
										"renameDataset"
									]
								}
							},
							"response": []
						}
					]
				},
				{
					"name": "firebase",
					"item": [
						{
							"name": "firebase/login",
							"request": {
								"method": "POST",
								"header": [],
								"body": {
									"mode": "raw",
									"raw": "{\r\n    \"email\": \"admin@gmail.com\",\r\n    \"password\": \"admin@gmail.com\",\r\n    \"returnSecureToken\": true\r\n}",
									"options": {
										"raw": {
											"language": "json"
										}
									}
								},
								"url": {
									"raw": "https://identitytoolkit.googleapis.com/v1/accounts:signInWithPassword?key=AIzaSyDY41_EznVxI7Vhpm6jCdg2IVpTntB4zcI",
									"protocol": "https",
									"host": [
										"identitytoolkit",
										"googleapis",
										"com"
									],
									"path": [
										"v1",
										"accounts:signInWithPassword"
									],
									"query": [
										{
											"key": "key",
											"value": "AIzaSyDY41_EznVxI7Vhpm6jCdg2IVpTntB4zcI"
										}
									]
								}
							},
							"response": []
						},
						{
							"name": "firebase/register",
							"request": {
								"method": "POST",
								"header": [],
								"body": {
									"mode": "raw",
									"raw": "{\r\n    \"returnSecureToken\": true,\r\n    \"email\": \"register@gmail.com\",\r\n    \"password\": \"register@gmail.com\",\r\n    \"clientType\": \"CLIENT_TYPE_WEB\"\r\n}",
									"options": {
										"raw": {
											"language": "json"
										}
									}
								},
								"url": {
									"raw": "https://identitytoolkit.googleapis.com/v1/accounts:signUp?key=AIzaSyDY41_EznVxI7Vhpm6jCdg2IVpTntB4zcI",
									"protocol": "https",
									"host": [
										"identitytoolkit",
										"googleapis",
										"com"
									],
									"path": [
										"v1",
										"accounts:signUp"
									],
									"query": [
										{
											"key": "key",
											"value": "AIzaSyDY41_EznVxI7Vhpm6jCdg2IVpTntB4zcI"
										}
									]
								}
							},
							"response": []
						},
						{
							"name": "firebase/setUserRole/admin",
							"request": {
								"method": "POST",
								"header": [
									{
										"key": "Authorization",
										"value": "Bearer {{firebaseToken}}",
										"type": "text"
									}
								],
								"body": {
									"mode": "raw",
									"raw": "{\r\n    \"data\": {\r\n        \"uid\": \"w4stJpoiKYaH31FdifH1Ql6yOCK2\",\r\n        \"role\": {\r\n            \"admin\": true\r\n        }\r\n    }\r\n}",
									"options": {
										"raw": {
											"language": "json"
										}
									}
								},
								"url": {
									"raw": "https://europe-west3-diploma-thesis-project-c46d9.cloudfunctions.net/SetUserRole",
									"protocol": "https",
									"host": [
										"europe-west3-diploma-thesis-project-c46d9",
										"cloudfunctions",
										"net"
									],
									"path": [
										"SetUserRole"
									]
								}
							},
							"response": []
						},
						{
							"name": "firebase/setUserRole/user",
							"request": {
								"method": "POST",
								"header": [
									{
										"key": "Authorization",
										"value": "Bearer {{firebaseToken}}",
										"type": "text"
									}
								],
								"body": {
									"mode": "raw",
									"raw": "{\r\n    \"data\": {\r\n        \"uid\": \"w4stJpoiKYaH31FdifH1Ql6yOCK2\",\r\n        \"role\": {\r\n            \"user\": true\r\n        }\r\n    }\r\n}",
									"options": {
										"raw": {
											"language": "json"
										}
									}
								},
								"url": {
									"raw": "https://europe-west3-diploma-thesis-project-c46d9.cloudfunctions.net/SetUserRole",
									"protocol": "https",
									"host": [
										"europe-west3-diploma-thesis-project-c46d9",
										"cloudfunctions",
										"net"
									],
									"path": [
										"SetUserRole"
									]
								}
							},
							"response": []
						}
					]
				},
				{
					"name": "seeder",
					"item": [
						{
							"name": "seeder/seedNeo4jDatabase",
							"protocolProfileBehavior": {
								"disableBodyPruning": true
							},
							"request": {
								"method": "GET",
								"header": [
									{
										"key": "Authorization",
										"value": "{{firebaseToken}}",
										"type": "text"
									}
								],
								"body": {
									"mode": "raw",
									"raw": "",
									"options": {
										"raw": {
											"language": "json"
										}
									}
								},
								"url": {
									"raw": "{{api_path}}/seedNeo4jDatabase",
									"host": [
										"{{api_path}}"
									],
									"path": [
										"seedNeo4jDatabase"
									]
								}
							},
							"response": []
						},
						{
							"name": "seeder/seedPostgreSQLDatabase",
							"request": {
								"method": "GET",
								"header": [
									{
										"key": "Authorization",
										"value": "{{firebaseToken}}",
										"type": "text"
									}
								],
								"url": {
									"raw": "{{api_path}}/seedPostgreSQLDatabase",
									"host": [
										"{{api_path}}"
									],
									"path": [
										"seedPostgreSQLDatabase"
									]
								}
							},
							"response": []
						},
						{
							"name": "seeder/testingNeo4j",
							"request": {
								"method": "GET",
								"header": [
									{
										"key": "Authorization",
										"value": "{{firebaseToken}}",
										"type": "text"
									}
								],
								"url": {
									"raw": "{{api_path}}/testingNeo4j/100",
									"host": [
										"{{api_path}}"
									],
									"path": [
										"testingNeo4j",
										"100"
									]
								}
							},
							"response": []
						},
						{
							"name": "seeder/testingPostgreSQL",
							"request": {
								"method": "GET",
								"header": [
									{
										"key": "Authorization",
										"value": "{{firebaseToken}}",
										"type": "text"
									}
								],
								"url": {
									"raw": "{{api_path}}/testingPostgreSQL/100",
									"host": [
										"{{api_path}}"
									],
									"path": [
										"testingPostgreSQL",
										"100"
									]
								}
							},
							"response": []
						}
					]
				}
			]
		},
		{
			"name": "microservices",
			"item": [
				{
					"name": "annotation",
					"item": [
						{
							"name": "annotation/getAnnotations",
							"protocolProfileBehavior": {
								"disableBodyPruning": true
							},
							"request": {
								"method": "GET",
								"header": [
									{
										"key": "Authorization",
										"value": "{{firebaseToken}}",
										"type": "text"
									}
								],
								"body": {
									"mode": "raw",
									"raw": "",
									"options": {
										"raw": {
											"language": "json"
										}
									}
								},
								"url": {
									"raw": "https://europe-west3-diploma-thesis-project-c46d9.cloudfunctions.net/AnnotationService/annotation/getAnnotations",
									"protocol": "https",
									"host": [
										"europe-west3-diploma-thesis-project-c46d9",
										"cloudfunctions",
										"net"
									],
									"path": [
										"AnnotationService",
										"annotation",
										"getAnnotations"
									]
								}
							},
							"response": []
						},
						{
							"name": "annotation/createAnnotation",
							"request": {
								"method": "POST",
								"header": [
									{
										"key": "Authorization",
										"value": "{{firebaseToken}}",
										"type": "text"
									}
								],
								"body": {
									"mode": "raw",
									"raw": "{\r\n    \"firebaseUserUID\": \"w4stJpoiKYaH31FdifH1Ql6yOCK2\",\r\n    \"name\": \"Date\",\r\n    \"shortcut\": \"date\",\r\n    \"description\": \"A date represents a specific point in time, typically expressed in the format YYYY-MM-DD. Dates are used to track and reference events, schedules, and durations.\",\r\n    \"relatedTo\": null,\r\n    \"createdAt\": \"2023-12-20T13:14:26.358Z\"\r\n}",
									"options": {
										"raw": {
											"language": "json"
										}
									}
								},
								"url": {
									"raw": "https://europe-west3-diploma-thesis-project-c46d9.cloudfunctions.net/AnnotationService/annotation/createAnnotation",
									"protocol": "https",
									"host": [
										"europe-west3-diploma-thesis-project-c46d9",
										"cloudfunctions",
										"net"
									],
									"path": [
										"AnnotationService",
										"annotation",
										"createAnnotation"
									]
								}
							},
							"response": []
						},
						{
							"name": "annotation/createAnnotation",
							"request": {
								"method": "POST",
								"header": [
									{
										"key": "Authorization",
										"value": "{{firebaseToken}}",
										"type": "text"
									}
								],
								"body": {
									"mode": "raw",
									"raw": "{\r\n    \"firebaseUserUID\": \"w4stJpoiKYaH31FdifH1Ql6yOCK2\",\r\n    \"name\": \"Created At\",\r\n    \"shortcut\": \"created_at\",\r\n    \"description\": \"The date and time when an entity or record was created.\",\r\n    \"relatedTo\": null,\r\n    \"createdAt\": \"2023-12-20T13:14:26.358Z\"\r\n}",
									"options": {
										"raw": {
											"language": "json"
										}
									}
								},
								"url": {
									"raw": "https://europe-west3-diploma-thesis-project-c46d9.cloudfunctions.net/AnnotationService/annotation/createAnnotation",
									"protocol": "https",
									"host": [
										"europe-west3-diploma-thesis-project-c46d9",
										"cloudfunctions",
										"net"
									],
									"path": [
										"AnnotationService",
										"annotation",
										"createAnnotation"
									]
								}
							},
							"response": []
						},
						{
							"name": "annotation/createAnnotation",
							"request": {
								"method": "POST",
								"header": [
									{
										"key": "Authorization",
										"value": "{{firebaseToken}}",
										"type": "text"
									}
								],
								"body": {
									"mode": "raw",
									"raw": "{\r\n    \"firebaseUserUID\": \"w4stJpoiKYaH31FdifH1Ql6yOCK2\",\r\n    \"name\": \"Created At\",\r\n    \"shortcut\": \"created_at\",\r\n    \"description\": \"The date and time when an entity or record was created.\",\r\n    \"relatedTo\": \"1c3bde03-802d-400a-8400-762139209c10\",\r\n    \"createdAt\": \"2023-12-20T13:14:26.358Z\"\r\n}",
									"options": {
										"raw": {
											"language": "json"
										}
									}
								},
								"url": {
									"raw": "https://europe-west3-diploma-thesis-project-c46d9.cloudfunctions.net/AnnotationService/annotation/createAnnotation",
									"protocol": "https",
									"host": [
										"europe-west3-diploma-thesis-project-c46d9",
										"cloudfunctions",
										"net"
									],
									"path": [
										"AnnotationService",
										"annotation",
										"createAnnotation"
									]
								}
							},
							"response": []
						},
						{
							"name": "annotation/getAnnotationsSuggestions",
							"request": {
								"method": "POST",
								"header": [
									{
										"key": "Authorization",
										"value": "{{firebaseToken}}",
										"type": "text"
									}
								],
								"body": {
									"mode": "raw",
									"raw": "{\r\n    \"columnsForAnnotationsSuggestionsArray\": [\r\n        \"country\",\r\n        \"age\",\r\n        \"new_user\",\r\n        \"source\",\r\n        \"total_pages_visited\",\r\n        \"converted\"\r\n    ],\r\n    \"id\": \"uxwlXEiVAE0waBhFC5VS\"\r\n}",
									"options": {
										"raw": {
											"language": "json"
										}
									}
								},
								"url": {
									"raw": "https://europe-west3-diploma-thesis-project-c46d9.cloudfunctions.net/AnnotationService/annotation/getAnnotationsSuggestions",
									"protocol": "https",
									"host": [
										"europe-west3-diploma-thesis-project-c46d9",
										"cloudfunctions",
										"net"
									],
									"path": [
										"AnnotationService",
										"annotation",
										"getAnnotationsSuggestions"
									]
								}
							},
							"response": []
						},
						{
							"name": "annotation/deleteAnnotation",
							"request": {
								"method": "DELETE",
								"header": [
									{
										"key": "Authorization",
										"value": "{{firebaseToken}}",
										"type": "text"
									}
								],
								"body": {
									"mode": "raw",
									"raw": "",
									"options": {
										"raw": {
											"language": "json"
										}
									}
								},
								"url": {
									"raw": "https://europe-west3-diploma-thesis-project-c46d9.cloudfunctions.net/AnnotationService/annotation/deleteAnnotation/3dc1b479-cf69-4503-b4ae-27cd80ec30eb",
									"protocol": "https",
									"host": [
										"europe-west3-diploma-thesis-project-c46d9",
										"cloudfunctions",
										"net"
									],
									"path": [
										"AnnotationService",
										"annotation",
										"deleteAnnotation",
										"3dc1b479-cf69-4503-b4ae-27cd80ec30eb"
									]
								}
							},
							"response": []
						},
						{
							"name": "annotation/connectAnnotations",
							"request": {
								"method": "POST",
								"header": [
									{
										"key": "Authorization",
										"value": "{{firebaseToken}}",
										"type": "text"
									}
								],
								"body": {
									"mode": "raw",
									"raw": "{\r\n    \"annotationParent\": \"610a3182-73d6-49e7-8d1f-244257ec9605\",\r\n    \"annotationChild\": \"b1177f47-c694-45a5-b419-5f89b6f00ade\"\r\n}",
									"options": {
										"raw": {
											"language": "json"
										}
									}
								},
								"url": {
									"raw": "https://europe-west3-diploma-thesis-project-c46d9.cloudfunctions.net/AnnotationService/annotation/connectAnnotations",
									"protocol": "https",
									"host": [
										"europe-west3-diploma-thesis-project-c46d9",
										"cloudfunctions",
										"net"
									],
									"path": [
										"AnnotationService",
										"annotation",
										"connectAnnotations"
									]
								}
							},
							"response": []
						},
						{
							"name": "annotation/getColumnAnnotations",
							"protocolProfileBehavior": {
								"disableBodyPruning": true
							},
							"request": {
								"method": "GET",
								"header": [
									{
										"key": "Authorization",
										"value": "{{firebaseToken}}",
										"type": "text"
									}
								],
								"body": {
									"mode": "raw",
									"raw": "",
									"options": {
										"raw": {
											"language": "json"
										}
									}
								},
								"url": {
									"raw": "https://europe-west3-diploma-thesis-project-c46d9.cloudfunctions.net/AnnotationService/annotation/getColumnsAnnotations?datasetId=jloUpYvlndz8Of1NQv1M",
									"protocol": "https",
									"host": [
										"europe-west3-diploma-thesis-project-c46d9",
										"cloudfunctions",
										"net"
									],
									"path": [
										"AnnotationService",
										"annotation",
										"getColumnsAnnotations"
									],
									"query": [
										{
											"key": "datasetId",
											"value": "jloUpYvlndz8Of1NQv1M"
										}
									]
								}
							},
							"response": []
						},
						{
							"name": "annotation/annotateColumn",
							"request": {
								"method": "POST",
								"header": [
									{
										"key": "Authorization",
										"value": "{{firebaseToken}}",
										"type": "text"
									}
								],
								"body": {
									"mode": "raw",
									"raw": "{\r\n    \"firebaseDatasetID\": \"jloUpYvlndz8Of1NQv1M\",\r\n    \"columns\": [\r\n        {\r\n            \"columnName\": \"uid\",\r\n            \"selectedAnnotationId\": null\r\n        },\r\n        {\r\n            \"columnName\": \"visit_date\",\r\n            \"selectedAnnotationId\": \"030b4477-e531-4a3c-a40d-96ec4846cae4\"\r\n        },\r\n        {\r\n            \"columnName\": \"utm_source\",\r\n            \"selectedAnnotationId\": null\r\n        },\r\n        {\r\n            \"columnName\": \"utm_medium\",\r\n            \"selectedAnnotationId\": null\r\n        },\r\n        {\r\n            \"columnName\": \"utm_campaign\",\r\n            \"selectedAnnotationId\": \"202bfd05-805c-47b3-8f15-f62c163248fd\"\r\n        },\r\n        {\r\n            \"columnName\": \"converted\",\r\n            \"selectedAnnotationId\": \"030b4477-e531-4a3c-a40d-96ec4846cae4\"\r\n        },\r\n        {\r\n            \"columnName\": \"cost_of_click\",\r\n            \"selectedAnnotationId\": null\r\n        }\r\n    ]\r\n}",
									"options": {
										"raw": {
											"language": "json"
										}
									}
								},
								"url": {
									"raw": "https://europe-west3-diploma-thesis-project-c46d9.cloudfunctions.net/AnnotationService/annotation/annotateColumn",
									"protocol": "https",
									"host": [
										"europe-west3-diploma-thesis-project-c46d9",
										"cloudfunctions",
										"net"
									],
									"path": [
										"AnnotationService",
										"annotation",
										"annotateColumn"
									]
								}
							},
							"response": []
						},
						{
							"name": "annotation/getExport",
							"request": {
								"method": "GET",
								"header": [
									{
										"key": "Authorization",
										"value": "{{firebaseToken}}",
										"type": "text"
									}
								],
								"url": {
									"raw": "https://europe-west3-diploma-thesis-project-c46d9.cloudfunctions.net/AnnotationService/annotation/getExport/jloUpYvlndz8Of1NQv1M",
									"protocol": "https",
									"host": [
										"europe-west3-diploma-thesis-project-c46d9",
										"cloudfunctions",
										"net"
									],
									"path": [
										"AnnotationService",
										"annotation",
										"getExport",
										"jloUpYvlndz8Of1NQv1M"
									]
								}
							},
							"response": []
						},
						{
							"name": "annotation/postImport",
							"request": {
								"method": "POST",
								"header": [
									{
										"key": "Authorization",
										"value": "{{firebaseToken}}",
										"type": "text"
									},
									{
										"warning": "This is a duplicate header and will be overridden by the Content-Type header generated by Postman.",
										"key": "Content-Type",
										"value": "multipart/form-data",
										"type": "text"
									}
								],
								"body": {
									"mode": "formdata",
									"formdata": [
										{
											"key": "csvFile",
											"type": "file",
											"src": "/D:/Skola/10 Semester/Diplomová práca/diploma-thesis/datasets/import/mkt_synthetic.csv"
										},
										{
											"key": "jsonFile",
											"type": "file",
											"src": "/D:/Skola/10 Semester/Diplomová práca/diploma-thesis/datasets/import/mkt_synthetic.json"
										}
									]
								},
								"url": {
									"raw": "https://europe-west3-diploma-thesis-project-c46d9.cloudfunctions.net/AnnotationService/annotation/postImport",
									"protocol": "https",
									"host": [
										"europe-west3-diploma-thesis-project-c46d9",
										"cloudfunctions",
										"net"
									],
									"path": [
										"AnnotationService",
										"annotation",
										"postImport"
									]
								}
							},
							"response": []
						}
					]
				},
				{
					"name": "column",
					"item": [
						{
							"name": "column/getColumnDescription",
							"request": {
								"method": "GET",
								"header": [
									{
										"key": "Authorization",
										"value": "{{firebaseToken}}",
										"type": "text"
									}
								],
								"url": {
									"raw": "https://europe-west3-diploma-thesis-project-c46d9.cloudfunctions.net/ColumnService/column/getColumnsDescriptions?datasetId=jloUpYvlndz8Of1NQv1M",
									"protocol": "https",
									"host": [
										"europe-west3-diploma-thesis-project-c46d9",
										"cloudfunctions",
										"net"
									],
									"path": [
										"ColumnService",
										"column",
										"getColumnsDescriptions"
									],
									"query": [
										{
											"key": "datasetId",
											"value": "jloUpYvlndz8Of1NQv1M"
										}
									]
								}
							},
							"response": []
						},
						{
							"name": "column/updateOrCreate",
							"request": {
								"method": "POST",
								"header": [
									{
										"key": "Authorization",
										"value": "{{firebaseToken}}",
										"type": "text"
									}
								],
								"body": {
									"mode": "raw",
									"raw": "{\r\n    \"firebaseDatasetID\": \"jloUpYvlndz8Of1NQv1M\",\r\n    \"columns\": [\r\n        {\r\n            \"columnName\": \"uid\",\r\n            \"columnDescription\": \"Unique Identifier: A unique alphanumeric code assigned to each visitor for identification purposes.\"\r\n        },\r\n        {\r\n            \"columnName\": \"visit_date\",\r\n            \"columnDescription\": \"Visit Date: The date when the visitor accessed the website or platform.\"\r\n        },\r\n        {\r\n            \"columnName\": \"utm_source\",\r\n            \"columnDescription\": \"UTM Source: The specific source that directed the visitor to the website, often used in UTM parameters for tracking marketing efforts (e.g., \\\"facebook\\\", \\\"google\\\").\"\r\n        },\r\n        {\r\n            \"columnName\": \"utm_medium\",\r\n            \"columnDescription\": \"UTM Medium: The general category of the marketing medium that brought the visitor to the website (e.g., \\\"email\\\", \\\"cpc\\\").\"\r\n        },\r\n        {\r\n            \"columnName\": \"utm_campaign\",\r\n            \"columnDescription\": \"UTM Campaign: The specific marketing campaign or promotion that led to the visit (e.g., \\\"summer_sale\\\", \\\"holiday_promo\\\").\"\r\n        },\r\n        {\r\n            \"columnName\": \"converted\",\r\n            \"columnDescription\": \"Conversion Status: Indicates whether the visitor completed a desired action or goal on the website (e.g., true for conversion, false for non-conversion).\"\r\n        },\r\n        {\r\n            \"columnName\": \"cost_of_click\",\r\n            \"columnDescription\": \"Cost of Click: The monetary cost incurred for each click associated with the marketing campaign or source that brought the visitor to the website.\"\r\n        }\r\n    ]\r\n}",
									"options": {
										"raw": {
											"language": "json"
										}
									}
								},
								"url": {
									"raw": "https://europe-west3-diploma-thesis-project-c46d9.cloudfunctions.net/ColumnService/column/updateOrCreate",
									"protocol": "https",
									"host": [
										"europe-west3-diploma-thesis-project-c46d9",
										"cloudfunctions",
										"net"
									],
									"path": [
										"ColumnService",
										"column",
										"updateOrCreate"
									]
								}
							},
							"response": []
						}
					]
				},
				{
					"name": "dataset",
					"item": [
						{
							"name": "dataset/createDataset",
							"request": {
								"method": "POST",
								"header": [
									{
										"key": "Authorization",
										"value": "{{firebaseToken}}",
										"type": "text"
									}
								],
								"body": {
									"mode": "raw",
									"raw": "{\r\n    \"datasetName\": \"mkt_synthetic\",\r\n    \"firebaseUserUID\": \"Ie5t2qemhi3uAXyoKDg6\",\r\n    \"firebaseDatasetID\": \"jloUpYvlndz8Of1NQv1M\"\r\n}",
									"options": {
										"raw": {
											"language": "json"
										}
									}
								},
								"url": {
									"raw": "https://europe-west3-diploma-thesis-project-c46d9.cloudfunctions.net/DatasetService/dataset/createDataset",
									"protocol": "https",
									"host": [
										"europe-west3-diploma-thesis-project-c46d9",
										"cloudfunctions",
										"net"
									],
									"path": [
										"DatasetService",
										"dataset",
										"createDataset"
									]
								}
							},
							"response": []
						},
						{
							"name": "dataset/getDatasetDescription",
							"request": {
								"method": "GET",
								"header": [
									{
										"key": "Authorization",
										"value": "{{firebaseToken}}",
										"type": "text"
									}
								],
								"url": {
									"raw": "https://europe-west3-diploma-thesis-project-c46d9.cloudfunctions.net/DatasetService/dataset/getDatasetDescription/jloUpYvlndz8Of1NQv1M",
									"protocol": "https",
									"host": [
										"europe-west3-diploma-thesis-project-c46d9",
										"cloudfunctions",
										"net"
									],
									"path": [
										"DatasetService",
										"dataset",
										"getDatasetDescription",
										"jloUpYvlndz8Of1NQv1M"
									]
								}
							},
							"response": []
						},
						{
							"name": "dataset/updateDatasetDescription",
							"request": {
								"method": "POST",
								"header": [
									{
										"key": "Authorization",
										"value": "{{firebaseToken}}",
										"type": "text"
									}
								],
								"body": {
									"mode": "raw",
									"raw": "{\r\n    \"datasetDescription\": \"mkt_synthetic dataset description\",\r\n    \"id\": \"jloUpYvlndz8Of1NQv1M\"\r\n}",
									"options": {
										"raw": {
											"language": "json"
										}
									}
								},
								"url": {
									"raw": "https://europe-west3-diploma-thesis-project-c46d9.cloudfunctions.net/DatasetService/dataset/updateDatasetDescription",
									"protocol": "https",
									"host": [
										"europe-west3-diploma-thesis-project-c46d9",
										"cloudfunctions",
										"net"
									],
									"path": [
										"DatasetService",
										"dataset",
										"updateDatasetDescription"
									]
								}
							},
							"response": []
						},
						{
							"name": "dataset/deleteDataset",
							"request": {
								"method": "POST",
								"header": [
									{
										"key": "Authorization",
										"value": "{{firebaseToken}}",
										"type": "text"
									}
								],
								"body": {
									"mode": "raw",
									"raw": "[\r\n    {\r\n        \"id\": \"jloUpYvlndz8Of1NQv1M\",\r\n        \"size\": \"small\",\r\n        \"datasetName\": \"mkt_synthetic\",\r\n        \"authorUID\": \"xqcO5YrSc1gb6bf9rVF41Rwz30s2\",\r\n        \"authorName\": \"admin@gmail.com\",\r\n        \"publishDate\": \"2023-11-17T13:03:21.000Z\",\r\n        \"csvFileUrl\": \"https://firebasestorage.googleapis.com/v0/b/diploma-thesis-project-c46d9.appspot.com/o/csvFiles%2Fmkt_synthetic.csv?alt=media&amp;token=50af61d2-08f1-4a80-a17f-4dbc763b1ed6\"\r\n    }\r\n]",
									"options": {
										"raw": {
											"language": "json"
										}
									}
								},
								"url": {
									"raw": "https://europe-west3-diploma-thesis-project-c46d9.cloudfunctions.net/DatasetService/dataset/deleteDatasets",
									"protocol": "https",
									"host": [
										"europe-west3-diploma-thesis-project-c46d9",
										"cloudfunctions",
										"net"
									],
									"path": [
										"DatasetService",
										"dataset",
										"deleteDatasets"
									]
								}
							},
							"response": []
						},
						{
							"name": "dataset/renameDataset",
							"request": {
								"method": "POST",
								"header": [
									{
										"key": "Authorization",
										"value": "{{firebaseToken}}",
										"type": "text"
									}
								],
								"body": {
									"mode": "raw",
									"raw": "{\r\n    \"firebaseDatasetID\": \"jloUpYvlndz8Of1NQv1M\",\r\n    \"datasetName\": \"zmenil som meno\"\r\n}",
									"options": {
										"raw": {
											"language": "json"
										}
									}
								},
								"url": {
									"raw": "https://europe-west3-diploma-thesis-project-c46d9.cloudfunctions.net/DatasetService/dataset/renameDataset",
									"protocol": "https",
									"host": [
										"europe-west3-diploma-thesis-project-c46d9",
										"cloudfunctions",
										"net"
									],
									"path": [
										"DatasetService",
										"dataset",
										"renameDataset"
									]
								}
							},
							"response": []
						}
					]
				},
				{
					"name": "firebase",
					"item": [
						{
							"name": "firebase/login",
							"request": {
								"method": "POST",
								"header": [],
								"body": {
									"mode": "raw",
									"raw": "{\r\n    \"email\": \"admin@gmail.com\",\r\n    \"password\": \"admin@gmail.com\",\r\n    \"returnSecureToken\": true\r\n}",
									"options": {
										"raw": {
											"language": "json"
										}
									}
								},
								"url": {
									"raw": "https://identitytoolkit.googleapis.com/v1/accounts:signInWithPassword?key=AIzaSyDY41_EznVxI7Vhpm6jCdg2IVpTntB4zcI",
									"protocol": "https",
									"host": [
										"identitytoolkit",
										"googleapis",
										"com"
									],
									"path": [
										"v1",
										"accounts:signInWithPassword"
									],
									"query": [
										{
											"key": "key",
											"value": "AIzaSyDY41_EznVxI7Vhpm6jCdg2IVpTntB4zcI"
										}
									]
								}
							},
							"response": []
						},
						{
							"name": "firebase/register",
							"request": {
								"method": "POST",
								"header": [],
								"body": {
									"mode": "raw",
									"raw": "{\r\n    \"returnSecureToken\": true,\r\n    \"email\": \"register@gmail.com\",\r\n    \"password\": \"register@gmail.com\",\r\n    \"clientType\": \"CLIENT_TYPE_WEB\"\r\n}",
									"options": {
										"raw": {
											"language": "json"
										}
									}
								},
								"url": {
									"raw": "https://identitytoolkit.googleapis.com/v1/accounts:signUp?key=AIzaSyDY41_EznVxI7Vhpm6jCdg2IVpTntB4zcI",
									"protocol": "https",
									"host": [
										"identitytoolkit",
										"googleapis",
										"com"
									],
									"path": [
										"v1",
										"accounts:signUp"
									],
									"query": [
										{
											"key": "key",
											"value": "AIzaSyDY41_EznVxI7Vhpm6jCdg2IVpTntB4zcI"
										}
									]
								}
							},
							"response": []
						},
						{
							"name": "firebase/setUserRole/admin",
							"request": {
								"method": "POST",
								"header": [
									{
										"key": "Authorization",
										"value": "Bearer {{firebaseToken}}",
										"type": "text"
									}
								],
								"body": {
									"mode": "raw",
									"raw": "{\r\n    \"data\": {\r\n        \"uid\": \"w4stJpoiKYaH31FdifH1Ql6yOCK2\",\r\n        \"role\": {\r\n            \"admin\": true\r\n        }\r\n    }\r\n}",
									"options": {
										"raw": {
											"language": "json"
										}
									}
								},
								"url": {
									"raw": "https://europe-west3-diploma-thesis-project-c46d9.cloudfunctions.net/SetUserRole",
									"protocol": "https",
									"host": [
										"europe-west3-diploma-thesis-project-c46d9",
										"cloudfunctions",
										"net"
									],
									"path": [
										"SetUserRole"
									]
								}
							},
							"response": []
						},
						{
							"name": "firebase/setUserRole/user",
							"request": {
								"method": "POST",
								"header": [
									{
										"key": "Authorization",
										"value": "Bearer {{firebaseToken}}",
										"type": "text"
									}
								],
								"body": {
									"mode": "raw",
									"raw": "{\r\n    \"data\": {\r\n        \"uid\": \"w4stJpoiKYaH31FdifH1Ql6yOCK2\",\r\n        \"role\": {\r\n            \"user\": true\r\n        }\r\n    }\r\n}",
									"options": {
										"raw": {
											"language": "json"
										}
									}
								},
								"url": {
									"raw": "https://europe-west3-diploma-thesis-project-c46d9.cloudfunctions.net/SetUserRole",
									"protocol": "https",
									"host": [
										"europe-west3-diploma-thesis-project-c46d9",
										"cloudfunctions",
										"net"
									],
									"path": [
										"SetUserRole"
									]
								}
							},
							"response": []
						}
					]
				},
				{
					"name": "seeder",
					"item": [
						{
							"name": "seeder/seedNeo4jDatabase",
							"protocolProfileBehavior": {
								"disableBodyPruning": true
							},
							"request": {
								"method": "GET",
								"header": [
									{
										"key": "Authorization",
										"value": "{{firebaseToken}}",
										"type": "text"
									}
								],
								"body": {
									"mode": "raw",
									"raw": "",
									"options": {
										"raw": {
											"language": "json"
										}
									}
								},
								"url": {
									"raw": "https://europe-west3-diploma-thesis-project-c46d9.cloudfunctions.net/SeederService/seedNeo4jDatabase",
									"protocol": "https",
									"host": [
										"europe-west3-diploma-thesis-project-c46d9",
										"cloudfunctions",
										"net"
									],
									"path": [
										"SeederService",
										"seedNeo4jDatabase"
									]
								}
							},
							"response": []
						},
						{
							"name": "seeder/seedPostgreSQLDatabase",
							"request": {
								"method": "GET",
								"header": [
									{
										"key": "Authorization",
										"value": "{{firebaseToken}}",
										"type": "text"
									}
								],
								"url": {
									"raw": "https://europe-west3-diploma-thesis-project-c46d9.cloudfunctions.net/SeederService/seedPostgreSQLDatabase",
									"protocol": "https",
									"host": [
										"europe-west3-diploma-thesis-project-c46d9",
										"cloudfunctions",
										"net"
									],
									"path": [
										"SeederService",
										"seedPostgreSQLDatabase"
									]
								}
							},
							"response": []
						},
						{
							"name": "seeder/testingNeo4j",
							"request": {
								"method": "GET",
								"header": [
									{
										"key": "Authorization",
										"value": "{{firebaseToken}}",
										"type": "text"
									}
								],
								"url": {
									"raw": "https://europe-west3-diploma-thesis-project-c46d9.cloudfunctions.net/SeederService/testingNeo4j/100",
									"protocol": "https",
									"host": [
										"europe-west3-diploma-thesis-project-c46d9",
										"cloudfunctions",
										"net"
									],
									"path": [
										"SeederService",
										"testingNeo4j",
										"100"
									]
								}
							},
							"response": []
						},
						{
							"name": "seeder/testingPostgreSQL",
							"request": {
								"method": "GET",
								"header": [
									{
										"key": "Authorization",
										"value": "{{firebaseToken}}",
										"type": "text"
									}
								],
								"url": {
									"raw": "https://europe-west3-diploma-thesis-project-c46d9.cloudfunctions.net/SeederService/testingPostgreSQL/100",
									"protocol": "https",
									"host": [
										"europe-west3-diploma-thesis-project-c46d9",
										"cloudfunctions",
										"net"
									],
									"path": [
										"SeederService",
										"testingPostgreSQL",
										"100"
									]
								}
							},
							"response": []
						}
					]
				}
			]
		}
	]
}